"position","const","created","modified","description","Title","Title type","Directors","You rated","IMDb Rating","Runtime (mins)","Year","Genres","Num. Votes","Release Date (month/day/year)","URL"
"1","tt0119310","Sun Nov 20 00:00:00 2016","","","Honey, We Shrunk Ourselves","Video","Dean Cundey","7","4.8","74","1997","action, adventure, comedy, family, sci_fi","8953","1997-03-18","http://www.imdb.com/title/tt0119310/"
"2","tt0097523","Sun Nov 20 00:00:00 2016","","","Honey, I Shrunk the Kids","Feature Film","Joe Johnston","8","6.3","93","1989","adventure, comedy, family, sci_fi","109502","1989-06-23","http://www.imdb.com/title/tt0097523/"
"3","tt0461770","Sun Nov 20 00:00:00 2016","","","Enchanted","Feature Film","Kevin Lima","7","7.1","107","2007","animation, comedy, family, fantasy, musical, romance","145043","2007-10-20","http://www.imdb.com/title/tt0461770/"
"4","tt0382932","Sun Nov 20 00:00:00 2016","","","Ratatouille","Feature Film","Brad Bird, Jan Pinkava","8","8.0","111","2007","animation, comedy, family, fantasy","484523","2007-06-22","http://www.imdb.com/title/tt0382932/"
"5","tt0111070","Sun Nov 20 00:00:00 2016","","","The Santa Clause","Feature Film","John Pasquin","8","6.4","97","1994","comedy, drama, family, fantasy","65933","1994-11-11","http://www.imdb.com/title/tt0111070/"
"6","tt0492956","Sun Nov 20 00:00:00 2016","","","The Game Plan","Feature Film","Andy Fickman","7","6.2","110","2007","comedy, family, sport","44948","2007-09-23","http://www.imdb.com/title/tt0492956/"
"7","tt0368891","Sun Nov 20 00:00:00 2016","","","National Treasure","Feature Film","Jon Turteltaub","7","6.9","131","2004","action, adventure, family, mystery, thriller","258476","2004-11-08","http://www.imdb.com/title/tt0368891/"
"8","tt1865425","Fri Nov 18 00:00:00 2016","","","Kumaré","Documentary","Vikram Gandhi","9","7.5","84","2011","documentary","4032","2011-03-13","http://www.imdb.com/title/tt1865425/"
"9","tt1935859","Thu Nov 17 00:00:00 2016","","","Miss Peregrine's Home for Peculiar Children","Feature Film","Tim Burton","7","7.0","127","2016","adventure, drama, family, fantasy","38947","2016-09-25","http://www.imdb.com/title/tt1935859/"
"10","tt0186151","Fri Nov 11 00:00:00 2016","","","Frequency","Feature Film","Gregory Hoblit","8","7.4","118","2000","crime, drama, mystery, sci_fi, thriller","83632","2000-04-28","http://www.imdb.com/title/tt0186151/"
"11","tt0427312","Sat Nov  5 00:00:00 2016","","","Grizzly Man","Documentary","Werner Herzog","7","7.8","103","2005","documentary, biography","41972","2005-01-24","http://www.imdb.com/title/tt0427312/"
"12","tt0213847","Sat Nov  5 00:00:00 2016","","","Malèna","Feature Film","Giuseppe Tornatore","7","7.5","109","2000","comedy, drama, history, romance, war","67541","2000-10-27","http://www.imdb.com/title/tt0213847/"
"13","tt0095348","Sat Nov  5 00:00:00 2016","","","I'm Gonna Git You Sucka","Feature Film","Keenen Ivory Wayans","7","6.5","88","1988","action, comedy","9991","1988-12-16","http://www.imdb.com/title/tt0095348/"
"14","tt3691740","Sat Nov  5 00:00:00 2016","","","The BFG","Feature Film","Steven Spielberg","7","6.5","117","2016","adventure, family, fantasy","26836","2016-05-14","http://www.imdb.com/title/tt3691740/"
"15","tt0112697","Sat Nov  5 00:00:00 2016","","","Clueless","Feature Film","Amy Heckerling","8","6.8","97","1995","comedy, romance","126828","1995-07-19","http://www.imdb.com/title/tt0112697/"
"16","tt0276751","Sat Nov  5 00:00:00 2016","","","About a Boy","Feature Film","Chris Weitz, Paul Weitz","8","7.1","101","2002","comedy, drama, romance","145742","2002-04-26","http://www.imdb.com/title/tt0276751/"
"17","tt4052882","Sat Sep 10 00:00:00 2016","","","The Shallows","Feature Film","Jaume Collet-Serra","7","6.4","86","2016","drama, horror, thriller","56882","2016-06-21","http://www.imdb.com/title/tt4052882/"
"18","tt1179933","Sun Sep  4 00:00:00 2016","","","10 Cloverfield Lane","Feature Film","Dan Trachtenberg","8","7.3","104","2016","drama, horror, mystery, sci_fi, thriller","152568","2016-03-08","http://www.imdb.com/title/tt1179933/"
"19","tt1374989","Sun Sep  4 00:00:00 2016","","","Pride and Prejudice and Zombies","Feature Film","Burr Steers","7","5.8","108","2016","action, horror, romance","28797","2016-01-21","http://www.imdb.com/title/tt1374989/"
"20","tt0327137","Sat Aug 13 00:00:00 2016","","","Secondhand Lions","Feature Film","Tim McCanlies","8","7.6","111","2003","comedy, drama, family","43930","2003-09-05","http://www.imdb.com/title/tt0327137/"
"21","tt3040964","Fri Aug 12 00:00:00 2016","","","The Jungle Book","Feature Film","Jon Favreau","8","7.6","106","2016","adventure, drama, family, fantasy","154710","2016-04-04","http://www.imdb.com/title/tt3040964/"
"22","tt2267968","Fri Aug 12 00:00:00 2016","","","Kung Fu Panda 3","Feature Film","Alessandro Carloni, Jennifer Yuh Nelson","7","7.2","95","2016","animation, action, adventure, comedy, family, fantasy","76046","2016-01-16","http://www.imdb.com/title/tt2267968/"
"23","tt0441773","Fri Aug 12 00:00:00 2016","","","Kung Fu Panda","Feature Film","Mark Osborne, John Stevenson","8","7.6","92","2008","animation, action, adventure, comedy, family","314653","2008-05-15","http://www.imdb.com/title/tt0441773/"
"24","tt0458481","Wed Aug 10 00:00:00 2016","","","Sin City: A Dame to Kill For","Feature Film","Frank Miller, Robert Rodriguez","7","6.5","102","2014","action, crime, thriller","115541","2014-08-19","http://www.imdb.com/title/tt0458481/"
"25","tt0101452","Tue Aug  9 00:00:00 2016","","","Bill & Ted's Bogus Journey","Feature Film","Pete Hewitt","10","6.2","93","1991","adventure, comedy, fantasy, music, sci_fi","50472","1991-07-19","http://www.imdb.com/title/tt0101452/"
"26","tt0096928","Tue Aug  9 00:00:00 2016","","","Bill & Ted's Excellent Adventure","Feature Film","Stephen Herek","10","6.9","90","1989","adventure, comedy, music, sci_fi","86684","1989-02-17","http://www.imdb.com/title/tt0096928/"
"27","tt0268695","Sun Jul 31 00:00:00 2016","","","The Time Machine","Feature Film","Simon Wells","8","5.9","96","2002","sci_fi, adventure, action","104925","2002-03-04","http://www.imdb.com/title/tt0268695/"
"28","tt0120791","Sat Jul 30 00:00:00 2016","","","Practical Magic","Feature Film","Griffin Dunne","7","6.1","104","1998","comedy, drama, fantasy, romance","57021","1998-10-16","http://www.imdb.com/title/tt0120791/"
"29","tt0414387","Tue Jul 26 00:00:00 2016","","","Pride & Prejudice","Feature Film","Joe Wright","7","7.8","129","2005","drama, romance","197552","2005-07-25","http://www.imdb.com/title/tt0414387/"
"30","tt1631867","Thu Jul 14 00:00:00 2016","","","Edge of Tomorrow","Feature Film","Doug Liman","8","7.9","113","2014","action, adventure, sci_fi","446112","2014-05-28","http://www.imdb.com/title/tt1631867/"
"31","tt3850590","Sun Jul 10 00:00:00 2016","","","Krampus","Feature Film","Michael Dougherty","6","6.2","98","2015","comedy, fantasy, horror","34206","2015-11-30","http://www.imdb.com/title/tt3850590/"
"32","tt0116629","Fri Jun 24 00:00:00 2016","","","Independence Day","Feature Film","Roland Emmerich","8","6.9","145","1996","action, adventure, sci_fi","439012","1996-06-25","http://www.imdb.com/title/tt0116629/"
"33","tt5016504","Sat Jun 18 00:00:00 2016","","","Preacher","TV Series","","8","8.2","60","2016","adventure, drama, fantasy, mystery","29557","2016-03-14","http://www.imdb.com/title/tt5016504/"
"34","tt0487831","Fri Jun  3 00:00:00 2016","","","The IT Crowd","TV Series","","9","8.6","25","2006","comedy","94867","2006-02-03","http://www.imdb.com/title/tt0487831/"
"35","tt2302755","Fri Jun  3 00:00:00 2016","","","Olympus Has Fallen","Feature Film","Antoine Fuqua","7","6.5","119","2013","action, thriller","207859","2013-03-18","http://www.imdb.com/title/tt2302755/"
"36","tt0232500","Thu Jun  2 00:00:00 2016","","","The Fast and the Furious","Feature Film","Rob Cohen","8","6.7","106","2001","action, crime, thriller","276858","2001-06-18","http://www.imdb.com/title/tt0232500/"
"37","tt0289043","Fri May 27 00:00:00 2016","","","28 Days Later...","Feature Film","Danny Boyle","8","7.6","113","2002","drama, horror, sci_fi, thriller","303406","2002-11-01","http://www.imdb.com/title/tt0289043/"
"38","tt0448134","Fri May 27 00:00:00 2016","","","Sunshine","Feature Film","Danny Boyle","8","7.3","107","2007","adventure, sci_fi, thriller","193399","2007-03-23","http://www.imdb.com/title/tt0448134/"
"39","tt3464902","Sun May 15 00:00:00 2016","","","The Lobster","Feature Film","Yorgos Lanthimos","6","7.1","119","2015","comedy, drama, romance, sci_fi","93063","2015-05-15","http://www.imdb.com/title/tt3464902/"
"40","tt3498820","Sat May  7 00:00:00 2016","","","Captain America: Civil War","Feature Film","Anthony Russo, Joe Russo","8","8.0","147","2016","action, adventure, sci_fi","347730","2016-04-12","http://www.imdb.com/title/tt3498820/"
"41","tt2975590","Sat May  7 00:00:00 2016","","","Batman v Superman: Dawn of Justice","Feature Film","Zack Snyder","8","6.8","151","2016","action, adventure, sci_fi","420475","2016-03-12","http://www.imdb.com/title/tt2975590/"
"42","tt2058303","Mon May  2 00:00:00 2016","","","Fresh Meat","TV Series","","10","8.0","50","2011","comedy, drama","9671","2011-09-21","http://www.imdb.com/title/tt2058303/"
"43","tt1895587","Sat Apr 30 00:00:00 2016","","","Spotlight","Feature Film","Tom McCarthy","7","8.1","128","2015","biography, crime, drama, history","224451","2015-09-03","http://www.imdb.com/title/tt1895587/"
"44","tt0848228","Sat Apr 30 00:00:00 2016","","","The Avengers","Feature Film","Joss Whedon","8","8.1","143","2012","action, sci_fi","1017339","2012-04-11","http://www.imdb.com/title/tt0848228/"
"45","tt1843866","Sat Apr 30 00:00:00 2016","","","Captain America: The Winter Soldier","Feature Film","Anthony Russo, Joe Russo","8","7.8","136","2014","action, adventure, sci_fi","513216","2014-03-13","http://www.imdb.com/title/tt1843866/"
"46","tt0139654","Sat Apr 30 00:00:00 2016","","","Training Day","Feature Film","Antoine Fuqua","8","7.7","122","2001","crime, drama, thriller","312022","2001-09-02","http://www.imdb.com/title/tt0139654/"
"47","tt1192628","Sat Apr 30 00:00:00 2016","","","Rango","Feature Film","Gore Verbinski","8","7.2","107","2011","animation, adventure, comedy, family, western","187068","2011-02-14","http://www.imdb.com/title/tt1192628/"
"48","tt4263482","Sun Apr 17 00:00:00 2016","","","The VVitch: A New-England Folktale","Feature Film","Robert Eggers","4","6.7","92","2015","horror, mystery","81461","2015-01-23","http://www.imdb.com/title/tt4263482/"
"49","tt0289879","Thu Mar 31 00:00:00 2016","","","The Butterfly Effect","Feature Film","Eric Bress, J. Mackye Gruber","8","7.7","113","2004","sci_fi, thriller","364909","2004-01-17","http://www.imdb.com/title/tt0289879/"
"50","tt1772264","Thu Mar 31 00:00:00 2016","","","Eliza Graves","Feature Film","Brad Anderson","9","6.8","112","2014","drama, horror, mystery, thriller","36304","2014-06-14","http://www.imdb.com/title/tt1772264/"
"51","tt1486192","Thu Mar 31 00:00:00 2016","","","The Raven","Feature Film","James McTeigue","8","6.4","110","2012","crime, mystery, thriller","73811","2012-03-09","http://www.imdb.com/title/tt1486192/"
"52","tt2866360","Thu Mar 31 00:00:00 2016","","","Coherence","Feature Film","James Ward Byrkit","7","7.2","89","2013","mystery, sci_fi, thriller","58194","2013-09-19","http://www.imdb.com/title/tt2866360/"
"53","tt2386404","Sun Mar 27 00:00:00 2016","","","He Never Died","Feature Film","Jason Krawczyk","7","6.4","99","2015","comedy, drama, fantasy, thriller","10333","2015-03-17","http://www.imdb.com/title/tt2386404/"
"54","tt0103060","Sat Mar 19 00:00:00 2016","","","Teenage Mutant Ninja Turtles II: The Secret of the Ooze","Feature Film","Michael Pressman","8","6.0","88","1991","action, adventure, comedy, family, sci_fi","43335","1991-03-22","http://www.imdb.com/title/tt0103060/"
"55","tt0330373","Sat Mar 19 00:00:00 2016","","","Harry Potter and the Goblet of Fire","Feature Film","Mike Newell","8","7.7","157","2005","adventure, family, fantasy, mystery","396088","2005-11-06","http://www.imdb.com/title/tt0330373/"
"56","tt0449088","Sat Mar 19 00:00:00 2016","","","Pirates of the Caribbean: At World's End","Feature Film","Gore Verbinski","7","7.1","169","2007","action, adventure, fantasy","480629","2007-05-19","http://www.imdb.com/title/tt0449088/"
"57","tt2962876","Sun Mar  6 00:00:00 2016","","","The Road Within","Feature Film","Gren Wells","6","7.1","100","2014","comedy, drama","9384","2014-06-18","http://www.imdb.com/title/tt2962876/"
"58","tt3566726","Sun Mar  6 00:00:00 2016","","","Jane the Virgin","TV Series","","6","7.8","60","2014","comedy","15894","2014-10-13","http://www.imdb.com/title/tt3566726/"
"59","tt0274812","Sun Mar  6 00:00:00 2016","","","Secretary","Feature Film","Steven Shainberg","7","7.1","104","2002","comedy, drama, romance","69061","2002-01-11","http://www.imdb.com/title/tt0274812/"
"60","tt2637276","Sun Mar  6 00:00:00 2016","","","Ted 2","Feature Film","Seth MacFarlane","7","6.4","115","2015","comedy","124723","2015-06-25","http://www.imdb.com/title/tt2637276/"
"61","tt3064298","Sun Mar  6 00:00:00 2016","","","Man Up","Feature Film","Ben Palmer","7","6.8","88","2015","comedy, drama, romance","34012","2015-04-19","http://www.imdb.com/title/tt3064298/"
"62","tt1840417","Wed Mar  2 00:00:00 2016","","","The Words","Feature Film","Brian Klugman, Lee Sternthal","8","7.1","102","2012","drama, mystery, romance, thriller","61015","2012-01-27","http://www.imdb.com/title/tt1840417/"
"63","tt1431045","Sun Feb 21 00:00:00 2016","","","Deadpool","Feature Film","Tim Miller","8","8.1","108","2016","action, adventure, comedy, romance, sci_fi","541434","2016-01-21","http://www.imdb.com/title/tt1431045/"
"64","tt1976009","Sat Feb 20 00:00:00 2016","","","Victor Frankenstein","Feature Film","Paul McGuigan","8","6.0","110","2015","drama, horror, sci_fi, thriller","33067","2015-11-10","http://www.imdb.com/title/tt1976009/"
"65","tt1741273","Sat Feb 20 00:00:00 2016","","","Secret in Their Eyes","Feature Film","Billy Ray","6","6.2","111","2015","crime, drama, mystery, thriller","23158","2015-11-12","http://www.imdb.com/title/tt1741273/"
"66","tt4935334","Sat Feb 13 00:00:00 2016","","","Southbound","Feature Film","Roxanne Benjamin, David Bruckner","5","5.9","89","2015","fantasy, horror, thriller","8515","2015-09-16","http://www.imdb.com/title/tt4935334/"
"67","tt0426592","Thu Feb 11 00:00:00 2016","","","Superhero Movie","Feature Film","Craig Mazin","6","4.5","75","2008","action, comedy, sci_fi, thriller","52875","2008-03-27","http://www.imdb.com/title/tt0426592/"
"68","tt0277371","Thu Feb 11 00:00:00 2016","","","Not Another Teen Movie","Feature Film","Joel Gallen","8","5.7","89","2001","comedy","81463","2001-12-07","http://www.imdb.com/title/tt0277371/"
"69","tt1073498","Thu Feb 11 00:00:00 2016","","","Meet the Spartans","Feature Film","Jason Friedberg, Aaron Seltzer","6","2.7","86","2008","comedy","89578","2008-01-24","http://www.imdb.com/title/tt1073498/"
"70","tt0088161","Wed Feb 10 00:00:00 2016","","","Splash","Feature Film","Ron Howard","7","6.2","111","1984","comedy, fantasy, romance","55759","1984-03-09","http://www.imdb.com/title/tt0088161/"
"71","tt0131857","Wed Feb 10 00:00:00 2016","","","BASEketball","Feature Film","David Zucker","8","6.6","103","1998","comedy, sport","49324","1998-07-28","http://www.imdb.com/title/tt0131857/"
"72","tt3137764","Wed Feb 10 00:00:00 2016","","","Staten Island Summer","Feature Film","Rhys Thomas","7","5.6","108","2015","comedy","4349","2015-06-30","http://www.imdb.com/title/tt3137764/"
"73","tt2861424","Fri Feb  5 00:00:00 2016","","","Rick and Morty","TV Series","","9","9.3","22","2013","animation, adventure, comedy, sci_fi","89314","2013-12-02","http://www.imdb.com/title/tt2861424/"
"74","tt1727776","Sun Jan 31 00:00:00 2016","","","Scouts Guide to the Zombie Apocalypse","Feature Film","Christopher Landon","7","6.3","93","2015","action, comedy, horror","28574","2015-10-23","http://www.imdb.com/title/tt1727776/"
"75","tt2582802","Sat Jan 23 00:00:00 2016","","","Whiplash","Feature Film","Damien Chazelle","8","8.5","107","2014","drama, music","424871","2014-01-16","http://www.imdb.com/title/tt2582802/"
"76","tt2494362","Sat Jan 23 00:00:00 2016","","","Bone Tomahawk","Feature Film","S. Craig Zahler","8","7.1","132","2015","adventure, drama, horror, western","39491","2015-10-01","http://www.imdb.com/title/tt2494362/"
"77","tt0325710","Sat Jan 16 00:00:00 2016","","","The Last Samurai","Feature Film","Edward Zwick","10","7.7","154","2003","action, drama, history, war","322902","2003-11-22","http://www.imdb.com/title/tt0325710/"
"78","tt1291570","Mon Jan 11 00:00:00 2016","","","Solace","Feature Film","Afonso Poyart","8","6.4","101","2015","crime, drama, mystery, thriller","29986","2015-04-24","http://www.imdb.com/title/tt1291570/"
"79","tt0490076","Sun Jan 10 00:00:00 2016","","","All the Boys Love Mandy Lane","Feature Film","Jonathan Levine","7","5.6","90","2006","horror","26421","2006-09-09","http://www.imdb.com/title/tt0490076/"
"80","tt0396592","Sat Jan  9 00:00:00 2016","","","Fat Albert","Feature Film","Joel Zwick","6","4.3","93","2004","comedy, family, fantasy, romance","9505","2004-12-12","http://www.imdb.com/title/tt0396592/"
"81","tt3472226","Sat Jan  9 00:00:00 2016","","","Kung Fury","Short Film","David Sandberg","9","8.1","31","2015","action, comedy, fantasy, sci_fi","40385","2015-05-22","http://www.imdb.com/title/tt3472226/"
"82","tt2756032","Fri Jan  8 00:00:00 2016","","","The One I Love","Feature Film","Charlie McDowell","7","7.1","91","2014","drama, romance, sci_fi","23576","2014-01-21","http://www.imdb.com/title/tt2756032/"
"83","tt3170832","Fri Jan  8 00:00:00 2016","","","Room","Feature Film","Lenny Abrahamson","6","8.2","118","2015","drama","185669","2015-09-04","http://www.imdb.com/title/tt3170832/"
"84","tt0343818","Wed Jan  6 00:00:00 2016","","","I, Robot","Feature Film","Alex Proyas","8","7.1","115","2004","action, mystery, sci_fi, thriller","396195","2004-07-15","http://www.imdb.com/title/tt0343818/"
"85","tt1020530","Mon Jan  4 00:00:00 2016","","","Eden Lake","Feature Film","James Watkins","8","6.8","91","2008","horror","59290","2008-08-12","http://www.imdb.com/title/tt1020530/"
"86","tt0120912","Sun Jan  3 00:00:00 2016","","","Men in Black II","Feature Film","Barry Sonnenfeld","8","6.1","88","2002","action, adventure, comedy, family, mystery, sci_fi","273423","2002-07-03","http://www.imdb.com/title/tt0120912/"
"87","tt0241527","Sun Jan  3 00:00:00 2016","","","Harry Potter and the Sorcerer's Stone","Feature Film","Chris Columbus","7","7.5","152","2001","adventure, family, fantasy","458224","2001-11-04","http://www.imdb.com/title/tt0241527/"
"88","tt1201607","Sun Jan  3 00:00:00 2016","","","Harry Potter and the Deathly Hallows: Part 2","Feature Film","David Yates","9","8.1","130","2011","adventure, drama, fantasy, mystery","558651","2011-07-07","http://www.imdb.com/title/tt1201607/"
"89","tt0339291","Sun Jan  3 00:00:00 2016","","","A Series of Unfortunate Events","Feature Film","Brad Silberling","8","6.8","108","2004","adventure, comedy, family, fantasy","160163","2004-12-16","http://www.imdb.com/title/tt0339291/"
"90","tt0295297","Sun Jan  3 00:00:00 2016","","","Harry Potter and the Chamber of Secrets","Feature Film","Chris Columbus","7","7.4","161","2002","adventure, family, fantasy, mystery","398417","2002-11-03","http://www.imdb.com/title/tt0295297/"
"91","tt0373889","Sun Jan  3 00:00:00 2016","","","Harry Potter and the Order of the Phoenix","Feature Film","David Yates","9","7.5","138","2007","adventure, family, fantasy, mystery","365174","2007-06-28","http://www.imdb.com/title/tt0373889/"
"92","tt0304141","Sun Jan  3 00:00:00 2016","","","Harry Potter and the Prisoner of Azkaban","Feature Film","Alfonso Cuarón","9","7.8","142","2004","adventure, family, fantasy, mystery","393211","2004-05-31","http://www.imdb.com/title/tt0304141/"
"93","tt0926084","Sun Jan  3 00:00:00 2016","","","Harry Potter and the Deathly Hallows: Part 1","Feature Film","David Yates","9","7.7","146","2010","adventure, family, fantasy, mystery","337664","2010-11-11","http://www.imdb.com/title/tt0926084/"
"94","tt0417741","Sun Jan  3 00:00:00 2016","","","Harry Potter and the Half-Blood Prince","Feature Film","David Yates","9","7.5","153","2009","adventure, family, fantasy, mystery","331632","2009-07-06","http://www.imdb.com/title/tt0417741/"
"95","tt1735898","Sun Jan  3 00:00:00 2016","","","Snow White and the Huntsman","Feature Film","Rupert Sanders","7","6.1","127","2012","action, adventure, drama, fantasy","233190","2012-05-14","http://www.imdb.com/title/tt1735898/"
"96","tt0325980","Sun Jan  3 00:00:00 2016","","","Pirates of the Caribbean: The Curse of the Black Pearl","Feature Film","Gore Verbinski","8","8.1","143","2003","action, adventure, fantasy","827359","2003-06-28","http://www.imdb.com/title/tt0325980/"
"97","tt0903624","Sun Jan  3 00:00:00 2016","","","The Hobbit: An Unexpected Journey","Feature Film","Peter Jackson","7","7.9","169","2012","adventure, fantasy","648424","2012-11-28","http://www.imdb.com/title/tt0903624/"
"98","tt0486655","Sun Jan  3 00:00:00 2016","","","Stardust","Feature Film","Matthew Vaughn","8","7.7","127","2007","adventure, family, fantasy, romance","215121","2007-07-29","http://www.imdb.com/title/tt0486655/"
"99","tt1981115","Sun Jan  3 00:00:00 2016","","","Thor: The Dark World","Feature Film","Alan Taylor","9","7.1","112","2013","action, adventure, fantasy, sci_fi","424504","2013-10-22","http://www.imdb.com/title/tt1981115/"
"100","tt1014759","Sun Jan  3 00:00:00 2016","","","Alice in Wonderland","Feature Film","Tim Burton","8","6.5","108","2010","adventure, family, fantasy","313641","2010-02-26","http://www.imdb.com/title/tt1014759/"
"101","tt1298650","Sun Jan  3 00:00:00 2016","","","Pirates of the Caribbean: On Stranger Tides","Feature Film","Rob Marshall","8","6.7","136","2011","action, adventure, fantasy","378858","2011-05-07","http://www.imdb.com/title/tt1298650/"
"102","tt0120915","Sun Jan  3 00:00:00 2016","","","Star Wars: Episode I - The Phantom Menace","Feature Film","George Lucas","8","6.5","136","1999","action, adventure, fantasy, sci_fi","545107","1999-05-16","http://www.imdb.com/title/tt0120915/"
"103","tt1538403","Sun Jan  3 00:00:00 2016","","","The Mortal Instruments: City of Bones","Feature Film","Harald Zwart","6","6.0","130","2013","fantasy, horror, mystery, romance","109155","2013-08-12","http://www.imdb.com/title/tt1538403/"
"104","tt0120616","Sun Jan  3 00:00:00 2016","","","The Mummy","Feature Film","Stephen Sommers","8","7.0","125","1999","action, adventure, fantasy","321934","1999-04-16","http://www.imdb.com/title/tt0120616/"
"105","tt1170358","Sun Jan  3 00:00:00 2016","","","The Hobbit: The Desolation of Smaug","Feature Film","Peter Jackson","7","7.9","161","2013","adventure, fantasy","494210","2013-12-02","http://www.imdb.com/title/tt1170358/"
"106","tt1051904","Sun Jan  3 00:00:00 2016","","","Goosebumps","Feature Film","Rob Letterman","6","6.3","103","2015","adventure, comedy, family, fantasy, horror","52656","2015-10-03","http://www.imdb.com/title/tt1051904/"
"107","tt0338348","Sun Jan  3 00:00:00 2016","","","The Polar Express","Feature Film","Robert Zemeckis","8","6.6","100","2004","animation, adventure, family, fantasy, musical","123354","2004-10-21","http://www.imdb.com/title/tt0338348/"
"108","tt1104001","Sun Jan  3 00:00:00 2016","","","Tron: Legacy","Feature Film","Joseph Kosinski","8","6.8","125","2010","action, adventure, sci_fi","267607","2010-11-30","http://www.imdb.com/title/tt1104001/"
"109","tt0121766","Sun Jan  3 00:00:00 2016","","","Star Wars: Episode III - Revenge of the Sith","Feature Film","George Lucas","8","7.6","140","2005","action, adventure, fantasy, sci_fi","530910","2005-05-12","http://www.imdb.com/title/tt0121766/"
"110","tt0814255","Sun Jan  3 00:00:00 2016","","","Percy Jackson & the Olympians: The Lightning Thief","Feature Film","Chris Columbus","6","5.9","118","2010","adventure, family, fantasy","143906","2010-02-10","http://www.imdb.com/title/tt0814255/"
"111","tt1490017","Sun Jan  3 00:00:00 2016","","","The Lego Movie","Feature Film","Phil Lord, Christopher Miller","7","7.8","100","2014","animation, action, adventure, comedy, family, fantasy","252179","2014-02-01","http://www.imdb.com/title/tt1490017/"
"112","tt0102057","Sun Jan  3 00:00:00 2016","","","Hook","Feature Film","Steven Spielberg","9","6.7","142","1991","adventure, comedy, family, fantasy","186013","1991-12-08","http://www.imdb.com/title/tt0102057/"
"113","tt0383574","Sun Jan  3 00:00:00 2016","","","Pirates of the Caribbean: Dead Man's Chest","Feature Film","Gore Verbinski","8","7.3","151","2006","action, adventure, fantasy","532093","2006-06-24","http://www.imdb.com/title/tt0383574/"
"114","tt0121765","Sun Jan  3 00:00:00 2016","","","Star Wars: Episode II - Attack of the Clones","Feature Film","George Lucas","8","6.7","142","2002","action, adventure, fantasy, sci_fi","474350","2002-05-12","http://www.imdb.com/title/tt0121765/"
"115","tt0359950","Sun Jan  3 00:00:00 2016","","","The Secret Life of Walter Mitty","Feature Film","Ben Stiller","9","7.3","114","2013","adventure, comedy, drama, fantasy, romance","241237","2013-10-05","http://www.imdb.com/title/tt0359950/"
"116","tt0316396","Sun Jan  3 00:00:00 2016","","","Peter Pan","Feature Film","P.J. Hogan","7","6.9","113","2003","adventure, family, fantasy, romance","54982","2003-12-09","http://www.imdb.com/title/tt0316396/"
"117","tt1446192","Sun Jan  3 00:00:00 2016","","","Rise of the Guardians","Feature Film","Peter Ramsey","8","7.3","97","2012","animation, adventure, family, fantasy","126212","2012-10-10","http://www.imdb.com/title/tt1446192/"
"118","tt1623205","Sun Jan  3 00:00:00 2016","","","Oz the Great and Powerful","Feature Film","Sam Raimi","7","6.4","130","2013","adventure, family, fantasy","177729","2013-02-14","http://www.imdb.com/title/tt1623205/"
"119","tt0398808","Sun Jan  3 00:00:00 2016","","","Bridge to Terabithia","Feature Film","Gabor Csupo","7","7.2","96","2007","adventure, drama, family, fantasy","112665","2007-02-15","http://www.imdb.com/title/tt0398808/"
"120","tt1854564","Sun Jan  3 00:00:00 2016","","","Percy Jackson: Sea of Monsters","Feature Film","Thor Freudenthal","6","5.9","106","2013","adventure, family, fantasy","88309","2013-08-07","http://www.imdb.com/title/tt1854564/"
"121","tt0473075","Sun Jan  3 00:00:00 2016","","","Prince of Persia: The Sands of Time","Feature Film","Mike Newell","7","6.6","116","2010","action, adventure, fantasy, romance","226221","2010-05-09","http://www.imdb.com/title/tt0473075/"
"122","tt0413267","Sun Jan  3 00:00:00 2016","","","Shrek the Third","Feature Film","Chris Miller, Raman Hui","7","6.1","93","2007","animation, adventure, comedy, family, fantasy","216140","2007-05-06","http://www.imdb.com/title/tt0413267/"
"123","tt1663202","Fri Dec 25 00:00:00 2015","","","The Revenant","Feature Film","Alejandro G. Iñárritu","7","8.0","156","2015","adventure, drama, thriller, western","448408","2015-12-16","http://www.imdb.com/title/tt1663202/"
"124","tt3460252","Fri Dec 25 00:00:00 2015","","","The Hateful Eight","Feature Film","Quentin Tarantino","7","7.9","187","2015","crime, drama, mystery, thriller, western","298632","2015-12-07","http://www.imdb.com/title/tt3460252/"
"125","tt2488496","Tue Dec 22 00:00:00 2015","","","Star Wars: Episode VII - The Force Awakens","Feature Film","J.J. Abrams","10","8.2","138","2015","action, adventure, fantasy, sci_fi","599648","2015-12-14","http://www.imdb.com/title/tt2488496/"
"126","tt2395427","Sat Dec 19 00:00:00 2015","","","Avengers: Age of Ultron","Feature Film","Joss Whedon","8","7.5","141","2015","action, adventure, sci_fi","482667","2015-04-13","http://www.imdb.com/title/tt2395427/"
"127","tt0478970","Sat Dec 19 00:00:00 2015","","","Ant-Man","Feature Film","Peyton Reed","7","7.4","117","2015","action, adventure, comedy, sci_fi","334670","2015-06-29","http://www.imdb.com/title/tt0478970/"
"128","tt2330322","Mon Dec 14 00:00:00 2015","","","The Conspiracy","Feature Film","Christopher MacBride","6","6.3","84","2012","horror, thriller","7260","2012-09-21","http://www.imdb.com/title/tt2330322/"
"129","tt0369610","Mon Dec 14 00:00:00 2015","","","Jurassic World","Feature Film","Colin Trevorrow","7","7.0","124","2015","action, adventure, sci_fi","431588","2015-05-29","http://www.imdb.com/title/tt0369610/"
"130","tt4046784","Mon Dec 14 00:00:00 2015","","","Maze Runner: The Scorch Trials","Feature Film","Wes Ball","6","6.4","132","2015","action, sci_fi, thriller","147347","2015-09-01","http://www.imdb.com/title/tt4046784/"
"131","tt2126355","Mon Dec 14 00:00:00 2015","","","San Andreas","Feature Film","Brad Peyton","7","6.1","114","2015","action, adventure, drama, thriller","152960","2015-05-21","http://www.imdb.com/title/tt2126355/"
"132","tt0420293","Mon Dec 14 00:00:00 2015","","","The Stanford Prison Experiment","Feature Film","Kyle Patrick Alvarez","7","6.9","122","2015","biography, drama, history, thriller","18116","2015-01-26","http://www.imdb.com/title/tt0420293/"
"133","tt1029360","Mon Dec 14 00:00:00 2015","","","Poltergeist","Feature Film","Gil Kenan","6","5.0","93","2015","horror, thriller","43722","2015-05-18","http://www.imdb.com/title/tt1029360/"
"134","tt3520702","Sun Dec 13 00:00:00 2015","","","Bloodline","TV Series","","6","8.2","60","2015","drama, thriller","27063","2015-02-09","http://www.imdb.com/title/tt3520702/"
"135","tt4178092","Sun Dec 13 00:00:00 2015","","","The Gift","Feature Film","Joel Edgerton","7","7.1","108","2015","mystery, thriller","87654","2015-07-30","http://www.imdb.com/title/tt4178092/"
"136","tt1951265","Sun Dec 13 00:00:00 2015","","","The Hunger Games: Mockingjay - Part 1","Feature Film","Francis Lawrence","8","6.7","123","2014","adventure, sci_fi, thriller","314749","2014-11-10","http://www.imdb.com/title/tt1951265/"
"137","tt1850397","Sun Dec 13 00:00:00 2015","","","The Loft","Feature Film","Erik Van Looy","6","6.3","108","2014","mystery, romance, thriller","35833","2014-10-14","http://www.imdb.com/title/tt1850397/"
"138","tt0112130","Sat Dec 12 00:00:00 2015","","","Pride and Prejudice","Mini-Series","","8","9.0","327","1995","drama, romance","54680","1995-09-24","http://www.imdb.com/title/tt0112130/"
"139","tt2554274","Fri Dec 11 00:00:00 2015","","","Crimson Peak","Feature Film","Guillermo del Toro","8","6.6","119","2015","drama, fantasy, horror, mystery, romance, thriller","89416","2015-09-25","http://www.imdb.com/title/tt2554274/"
"140","tt0100758","Fri Dec 11 00:00:00 2015","","","Teenage Mutant Ninja Turtles","Feature Film","Steve Barron","9","6.7","93","1990","action, adventure, comedy, family, sci_fi","70840","1990-03-30","http://www.imdb.com/title/tt0100758/"
"141","tt3332064","Wed Dec  9 00:00:00 2015","","","Pan","Feature Film","Joe Wright","8","5.8","111","2015","adventure, family, fantasy","43910","2015-09-20","http://www.imdb.com/title/tt3332064/"
"142","tt1951266","Sun Dec  6 00:00:00 2015","","","The Hunger Games: Mockingjay - Part 2","Feature Film","Francis Lawrence","8","6.6","137","2015","action, adventure, sci_fi, thriller","181278","2015-11-04","http://www.imdb.com/title/tt1951266/"
"143","tt2548418","Sun Dec  6 00:00:00 2015","","","Jonathan Strange & Mr Norrell","TV Series","","9","8.3","60","2015","fantasy, history","8056","2015-05-17","http://www.imdb.com/title/tt2548418/"
"144","tt2628232","Tue Dec  1 00:00:00 2015","","","Penny Dreadful","TV Series","","9","8.2","60","2014","drama, fantasy, horror","81090","2014-04-28","http://www.imdb.com/title/tt2628232/"
"145","tt3279176","Mon Nov 23 00:00:00 2015","","","Suburban Gothic","Feature Film","Richard Bates Jr.","7","5.6","90","2014","comedy, horror","2518","2014-07-19","http://www.imdb.com/title/tt3279176/"
"146","tt0110006","Mon Nov 23 00:00:00 2015","","","Heavy Weights","Feature Film","Steven Brill","8","6.7","100","1995","comedy, drama, family, sport","19517","1995-02-17","http://www.imdb.com/title/tt0110006/"
"147","tt2692250","Mon Nov 23 00:00:00 2015","","","Night at the Museum: Secret of the Tomb","Feature Film","Shawn Levy","7","6.2","98","2014","adventure, comedy, family, fantasy","69926","2014-12-17","http://www.imdb.com/title/tt2692250/"
"148","tt2561572","Mon Nov 23 00:00:00 2015","","","Get Hard","Feature Film","Etan Cohen","6","6.1","100","2015","comedy, crime","89278","2015-03-16","http://www.imdb.com/title/tt2561572/"
"149","tt3567288","Sat Nov 21 00:00:00 2015","","","The Visit","Feature Film","M. Night Shyamalan","7","6.2","94","2015","horror, thriller","71533","2015-08-30","http://www.imdb.com/title/tt3567288/"
"150","tt1067765","Sat Oct 31 00:00:00 2015","","","Adult World","Feature Film","Scott Coffey","7","6.2","97","2013","comedy, drama","13487","2013-10-06","http://www.imdb.com/title/tt1067765/"
"151","tt3416744","Mon Oct 26 00:00:00 2015","","","The End of the Tour","Feature Film","James Ponsoldt","7","7.3","106","2015","biography, drama","18700","2015-01-23","http://www.imdb.com/title/tt3416744/"
"152","tt1355683","Sun Oct 18 00:00:00 2015","","","Black Mass","Feature Film","Scott Cooper","8","6.9","123","2015","biography, crime, drama","124871","2015-09-04","http://www.imdb.com/title/tt1355683/"
"153","tt3659388","Mon Oct  5 00:00:00 2015","","","The Martian","Feature Film","Ridley Scott","8","8.0","144","2015","adventure, drama, sci_fi","512904","2015-09-11","http://www.imdb.com/title/tt3659388/"
"154","tt1964418","Sun Sep 20 00:00:00 2015","","","Tomorrowland","Feature Film","Brad Bird","7","6.5","130","2015","action, adventure, family, mystery, sci_fi","133655","2015-05-09","http://www.imdb.com/title/tt1964418/"
"155","tt3079380","Fri Sep 18 00:00:00 2015","","","Spy","Feature Film","Paul Feig","8","7.1","119","2015","action, comedy, crime","177453","2015-03-15","http://www.imdb.com/title/tt3079380/"
"156","tt0371246","Wed Sep 16 00:00:00 2015","","","Spanglish","Feature Film","James L. Brooks","9","6.4","131","2004","comedy, drama, romance","66409","2004-12-17","http://www.imdb.com/title/tt0371246/"
"157","tt1570728","Wed Sep 16 00:00:00 2015","","","Crazy, Stupid, Love.","Feature Film","Glenn Ficarra, John Requa","9","7.4","118","2011","comedy, drama, romance","381627","2011-07-19","http://www.imdb.com/title/tt1570728/"
"158","tt1371150","Tue Sep 15 00:00:00 2015","","","This Is Where I Leave You","Feature Film","Shawn Levy","8","6.6","103","2014","comedy, drama","56042","2014-09-07","http://www.imdb.com/title/tt1371150/"
"159","tt2861540","Mon Sep 14 00:00:00 2015","","","Blood Pulls a Gun","Short Film","Ben Briand","7","7.3","","2014","drama, thriller","90","2014-03-09","http://www.imdb.com/title/tt2861540/"
"160","tt1454029","Sun Sep 13 00:00:00 2015","","","The Help","Feature Film","Tate Taylor","9","8.1","146","2011","drama","326553","2011-08-09","http://www.imdb.com/title/tt1454029/"
"161","tt0107120","Sun Sep 13 00:00:00 2015","","","Hocus Pocus","Feature Film","Kenny Ortega","7","6.7","96","1993","comedy, family, fantasy","64183","1993-07-16","http://www.imdb.com/title/tt0107120/"
"162","tt0399201","Sun Sep 13 00:00:00 2015","","","The Island","Feature Film","Michael Bay","7","6.9","136","2005","action, adventure, romance, sci_fi, thriller","266440","2005-07-11","http://www.imdb.com/title/tt0399201/"
"163","tt1502712","Wed Sep  9 00:00:00 2015","","","Fantastic Four","Feature Film","Josh Trank","6","4.3","100","2015","action, adventure, sci_fi","115423","2015-08-04","http://www.imdb.com/title/tt1502712/"
"164","tt1626146","Tue Sep  8 00:00:00 2015","","","Hector and the Search for Happiness","Feature Film","Peter Chelsom","8","7.0","120","2014","adventure, comedy, drama","33438","2014-08-14","http://www.imdb.com/title/tt1626146/"
"165","tt1571249","Tue Sep  8 00:00:00 2015","","","The Skeleton Twins","Feature Film","Craig Johnson","7","6.8","93","2014","comedy, drama, romance","32248","2014-01-18","http://www.imdb.com/title/tt1571249/"
"166","tt0412080","Tue Sep  8 00:00:00 2015","","","The World's Fastest Indian","Feature Film","Roger Donaldson","9","7.9","127","2005","biography, drama, sport","44818","2005-09-10","http://www.imdb.com/title/tt0412080/"
"167","tt0377062","Tue Sep  8 00:00:00 2015","","","Flight of the Phoenix","Feature Film","John Moore","7","6.1","113","2004","action, adventure, drama, thriller","46194","2004-12-17","http://www.imdb.com/title/tt0377062/"
"168","tt1398426","Tue Sep  8 00:00:00 2015","","","Straight Outta Compton","Feature Film","F. Gary Gray","8","7.9","147","2015","biography, crime, drama, history, music","128374","2015-08-11","http://www.imdb.com/title/tt1398426/"
"169","tt0113118","Tue Sep  8 00:00:00 2015","","","Friday","Feature Film","F. Gary Gray","8","7.3","91","1995","comedy, drama","76413","1995-04-26","http://www.imdb.com/title/tt0113118/"
"170","tt1197624","Tue Sep  8 00:00:00 2015","","","Law Abiding Citizen","Feature Film","F. Gary Gray","8","7.4","109","2009","crime, drama, thriller","221284","2009-09-23","http://www.imdb.com/title/tt1197624/"
"171","tt0443465","Thu Sep  3 00:00:00 2015","","","Before We Go","Feature Film","Chris Evans","7","6.9","95","2014","comedy, drama, romance","27620","2014-09-12","http://www.imdb.com/title/tt0443465/"
"172","tt3892434","Tue Sep  1 00:00:00 2015","","","That Sugar Film","Documentary","Damon Gameau","8","7.3","90","2014","documentary","4725","2014-11-20","http://www.imdb.com/title/tt3892434/"
"173","tt3317522","Tue Sep  1 00:00:00 2015","","","The Nightmare","Documentary","Rodney Ascher","7","5.9","91","2015","documentary, horror","4065","2015-01-26","http://www.imdb.com/title/tt3317522/"
"174","tt1972663","Tue Sep  1 00:00:00 2015","","","Into the Abyss","Documentary","Werner Herzog","7","7.3","107","2011","documentary, crime, drama","12885","2011-09-08","http://www.imdb.com/title/tt1972663/"
"175","tt0486358","Tue Sep  1 00:00:00 2015","","","Jesus Camp","Documentary","Heidi Ewing, Rachel Grady","7","7.5","84","2006","documentary","22600","2006-04-27","http://www.imdb.com/title/tt0486358/"
"176","tt0342172","Tue Sep  1 00:00:00 2015","","","Capturing the Friedmans","Documentary","Andrew Jarecki","7","7.8","107","2003","documentary, biography","19520","2003-01-17","http://www.imdb.com/title/tt0342172/"
"177","tt1791682","Tue Sep  1 00:00:00 2015","","","While We're Young","Feature Film","Noah Baumbach","6","6.3","97","2014","comedy, drama, mystery","31891","2014-09-06","http://www.imdb.com/title/tt1791682/"
"178","tt2965412","Tue Sep  1 00:00:00 2015","","","Comet","Feature Film","Sam Esmail","6","6.7","91","2014","comedy, drama, romance, sci_fi","12410","2014-06-13","http://www.imdb.com/title/tt2965412/"
"179","tt2545118","Tue Sep  1 00:00:00 2015","","","Blackfish","Documentary","Gabriela Cowperthwaite","8","8.1","83","2013","documentary, drama","47008","2013-01-19","http://www.imdb.com/title/tt2545118/"
"180","tt4257858","Tue Sep  1 00:00:00 2015","","","Going Clear: Scientology and the Prison of Belief","Documentary","Alex Gibney","8","8.1","119","2015","documentary","25773","2015-01-25","http://www.imdb.com/title/tt4257858/"
"181","tt1340138","Tue Sep  1 00:00:00 2015","","","Terminator Genisys","Feature Film","Alan Taylor","7","6.5","126","2015","action, adventure, sci_fi","195171","2015-06-21","http://www.imdb.com/title/tt1340138/"
"182","tt2908446","Tue Sep  1 00:00:00 2015","","","Insurgent","Feature Film","Robert Schwentke","7","6.3","119","2015","adventure, sci_fi, thriller","161406","2015-03-11","http://www.imdb.com/title/tt2908446/"
"183","tt1655441","Wed Aug 26 00:00:00 2015","","","The Age of Adaline","Feature Film","Lee Toland Krieger","6","7.2","112","2015","drama, fantasy, romance","100969","2015-04-08","http://www.imdb.com/title/tt1655441/"
"184","tt1483013","Sun Aug 23 00:00:00 2015","","","Oblivion","Feature Film","Joseph Kosinski","7","7.0","124","2013","action, adventure, mystery, sci_fi","395397","2013-03-26","http://www.imdb.com/title/tt1483013/"
"185","tt0079641","Fri Aug 21 00:00:00 2015","","","Nosferatu: Phantom der Nacht","Feature Film","Werner Herzog","7","7.6","107","1979","horror","24036","1979-01-17","http://www.imdb.com/title/tt0079641/"
"186","tt3793788","Mon Aug  3 00:00:00 2015","","","The Escort","Feature Film","Will Slocombe","6","6.0","88","2015","comedy, drama, romance","5004","2015-06-15","http://www.imdb.com/title/tt3793788/"
"187","tt1659337","Mon Aug  3 00:00:00 2015","","","The Perks of Being a Wallflower","Feature Film","Stephen Chbosky","9","8.0","102","2012","drama, romance","360617","2012-09-08","http://www.imdb.com/title/tt1659337/"
"188","tt1098327","Mon Aug  3 00:00:00 2015","","","Dragonball Evolution","Feature Film","James Wong","7","2.7","85","2009","action, adventure, fantasy, sci_fi, thriller","57495","2009-03-10","http://www.imdb.com/title/tt1098327/"
"189","tt1645080","Sun Aug  2 00:00:00 2015","","","The Art of Getting By","Feature Film","Gavin Wiesen","7","6.6","83","2011","drama, romance","46660","2011-01-23","http://www.imdb.com/title/tt1645080/"
"190","tt2205697","Sun Aug  2 00:00:00 2015","","","Stuck in Love","Feature Film","Josh Boone","7","7.3","97","2012","comedy, drama, romance","66568","2012-09-09","http://www.imdb.com/title/tt2205697/"
"191","tt2103188","Fri Jul 31 00:00:00 2015","","","Grand Theft Auto V","Video Game","Rod Edge","10","9.7","","2013","action, adventure, comedy, crime, drama, thriller","31250","2013-09-17","http://www.imdb.com/title/tt2103188/"
"192","tt0172495","Sat Jul 25 00:00:00 2015","","","Gladiator","Feature Film","Ridley Scott","9","8.5","155","2000","action, adventure, drama","1006913","2000-05-01","http://www.imdb.com/title/tt0172495/"
"193","tt0120689","Sat Jul 25 00:00:00 2015","","","The Green Mile","Feature Film","Frank Darabont","9","8.5","189","1999","crime, drama, fantasy, mystery","807607","1999-12-06","http://www.imdb.com/title/tt0120689/"
"194","tt0191397","Thu Jul  9 00:00:00 2015","","","The Replacements","Feature Film","Howard Deutch","9","6.5","118","2000","comedy, sport","48904","2000-08-07","http://www.imdb.com/title/tt0191397/"
"195","tt0252501","Thu Jul  9 00:00:00 2015","","","Hearts in Atlantis","Feature Film","Scott Hicks","8","6.9","101","2001","drama, mystery","30819","2001-09-07","http://www.imdb.com/title/tt0252501/"
"196","tt0423977","Thu Jul  9 00:00:00 2015","","","Charlie Bartlett","Feature Film","Jon Poll","8","7.0","97","2007","comedy, drama, romance","57223","2007-05-01","http://www.imdb.com/title/tt0423977/"
"197","tt1568343","Wed Jul  8 00:00:00 2015","","","The Humbling","Feature Film","Barry Levinson","7","5.6","112","2014","comedy, drama","4715","2014-08-30","http://www.imdb.com/title/tt1568343/"
"198","tt1027862","Wed Jul  8 00:00:00 2015","","","Swing Vote","Feature Film","Joshua Michael Stern","6","6.1","120","2008","comedy, drama","15275","2008-05-20","http://www.imdb.com/title/tt1027862/"
"199","tt0455407","Wed Jul  8 00:00:00 2015","","","The Crazies","Feature Film","Breck Eisner","7","6.5","101","2010","horror, thriller","94639","2010-02-23","http://www.imdb.com/title/tt0455407/"
"200","tt2788716","Wed Jul  8 00:00:00 2015","","","Welcome to Me","Feature Film","Shira Piven","7","5.9","87","2014","comedy, drama","14071","2014-09-05","http://www.imdb.com/title/tt2788716/"
"201","tt1617661","Wed Jul  8 00:00:00 2015","","","Jupiter Ascending","Feature Film","The Wachowskis, The Wachowskis","7","5.4","127","2015","action, adventure, sci_fi","143516","2015-01-27","http://www.imdb.com/title/tt1617661/"
"202","tt2618986","Wed Jul  8 00:00:00 2015","","","Wayward Pines","TV Series","","8","7.6","60","2015","drama, mystery, sci_fi, thriller","40813","2015-05-14","http://www.imdb.com/title/tt2618986/"
"203","tt3235888","Wed Jul  8 00:00:00 2015","","","It Follows","Feature Film","David Robert Mitchell","7","6.9","100","2014","horror, mystery","121659","2014-05-17","http://www.imdb.com/title/tt3235888/"
"204","tt1823672","Wed Jul  8 00:00:00 2015","","","Chappie","Feature Film","Neill Blomkamp","6","6.9","120","2015","action, crime, drama, sci_fi, thriller","178257","2015-03-04","http://www.imdb.com/title/tt1823672/"
"205","tt1567437","Wed Jul  8 00:00:00 2015","","","The Voices","Feature Film","Marjane Satrapi","6","6.3","103","2014","comedy, crime, horror, thriller","36642","2014-01-19","http://www.imdb.com/title/tt1567437/"
"206","tt0884732","Wed Jul  8 00:00:00 2015","","","The Wedding Ringer","Feature Film","Jeremy Garelick","8","6.7","101","2015","comedy","55427","2015-01-14","http://www.imdb.com/title/tt0884732/"
"207","tt0119008","Wed Jul  8 00:00:00 2015","","","Donnie Brasco","Feature Film","Mike Newell","7","7.8","127","1997","biography, crime, drama","228735","1997-02-28","http://www.imdb.com/title/tt0119008/"
"208","tt2493486","Wed Jul  8 00:00:00 2015","","","Last Knights","Feature Film","Kaz I Kiriya","8","6.2","115","2015","action, adventure","28243","2015-04-03","http://www.imdb.com/title/tt2493486/"
"209","tt1235124","Wed Jul  8 00:00:00 2015","","","Dorian Gray","Feature Film","Oliver Parker","7","6.3","112","2009","drama, fantasy, thriller","52059","2009-09-09","http://www.imdb.com/title/tt1235124/"
"210","tt0303461","Tue Jul  7 00:00:00 2015","","","Firefly","TV Series","","10","9.1","44","2002","adventure, drama, sci_fi","192735","2002-09-20","http://www.imdb.com/title/tt0303461/"
"211","tt3696720","Tue Jul  7 00:00:00 2015","","","Ascension","Mini-Series","","8","7.2","231","2014","drama, sci_fi","12397","2014-12-15","http://www.imdb.com/title/tt3696720/"
"212","tt2223990","Mon Jul  6 00:00:00 2015","","","Draft Day","Feature Film","Ivan Reitman","8","6.8","110","2014","drama, sport","40318","2014-04-11","http://www.imdb.com/title/tt2223990/"
"213","tt2172934","Mon Jul  6 00:00:00 2015","","","3 Days to Kill","Feature Film","McG","7","6.2","117","2014","action, drama, thriller","70866","2014-02-12","http://www.imdb.com/title/tt2172934/"
"214","tt2287663","Mon Jul  6 00:00:00 2015","","","Blue Lagoon: The Awakening","TV Movie","Mikael Salomon","6","5.7","85","2012","adventure, drama, romance","9564","2012-06-16","http://www.imdb.com/title/tt2287663/"
"215","tt2820852","Sat Jul  4 00:00:00 2015","","","Furious Seven","Feature Film","James Wan","7","7.2","137","2015","action, crime, thriller","285246","2015-03-16","http://www.imdb.com/title/tt2820852/"
"216","tt1675192","Sat Jul  4 00:00:00 2015","","","Take Shelter","Feature Film","Jeff Nichols","8","7.4","121","2011","drama, thriller","70576","2011-01-24","http://www.imdb.com/title/tt1675192/"
"217","tt0314331","Fri Jul  3 00:00:00 2015","","","Love Actually","Feature Film","Richard Curtis","9","7.7","135","2003","comedy, drama, romance","324025","2003-09-07","http://www.imdb.com/title/tt0314331/"
"218","tt1661199","Fri Jul  3 00:00:00 2015","","","Cinderella","Feature Film","Kenneth Branagh","7","7.0","105","2015","drama, family, fantasy, romance","108087","2015-02-13","http://www.imdb.com/title/tt1661199/"
"219","tt0319061","Fri Jul  3 00:00:00 2015","","","Big Fish","Feature Film","Tim Burton","9","8.0","125","2003","adventure, drama, fantasy","355568","2003-12-04","http://www.imdb.com/title/tt0319061/"
"220","tt1022603","Fri Jul  3 00:00:00 2015","","","(500) Days of Summer","Feature Film","Marc Webb","7","7.7","95","2009","comedy, drama, romance","384263","2009-01-17","http://www.imdb.com/title/tt1022603/"
"221","tt1217209","Fri Jul  3 00:00:00 2015","","","Brave","Feature Film","Mark Andrews, Brenda Chapman","8","7.2","93","2012","animation, adventure, comedy, family, fantasy, history","280566","2012-06-10","http://www.imdb.com/title/tt1217209/"
"222","tt0343660","Fri Jul  3 00:00:00 2015","","","50 First Dates","Feature Film","Peter Segal","8","6.8","99","2004","comedy, romance","270615","2004-02-13","http://www.imdb.com/title/tt0343660/"
"223","tt1092026","Fri Jul  3 00:00:00 2015","","","Paul","Feature Film","Greg Mottola","7","7.0","104","2011","adventure, comedy, sci_fi","195717","2011-02-14","http://www.imdb.com/title/tt1092026/"
"224","tt0362227","Fri Jul  3 00:00:00 2015","","","The Terminal","Feature Film","Steven Spielberg","8","7.3","128","2004","comedy, drama, romance","311111","2004-06-09","http://www.imdb.com/title/tt0362227/"
"225","tt0386588","Fri Jul  3 00:00:00 2015","","","Hitch","Feature Film","Andy Tennant","7","6.6","118","2005","comedy, romance","248770","2005-02-10","http://www.imdb.com/title/tt0386588/"
"226","tt0804497","Fri Jul  3 00:00:00 2015","","","It's Kind of a Funny Story","Feature Film","Anna Boden, Ryan Fleck","8","7.2","101","2010","comedy, drama, romance","108984","2010-09-26","http://www.imdb.com/title/tt0804497/"
"227","tt0174856","Sat Jun 27 00:00:00 2015","","","The Hurricane","Feature Film","Norman Jewison","8","7.6","146","1999","biography, drama, sport","77268","1999-09-17","http://www.imdb.com/title/tt0174856/"
"228","tt0264464","Sat Jun 27 00:00:00 2015","","","Catch Me If You Can","Feature Film","Steven Spielberg","8","8.0","141","2002","biography, crime, drama","546808","2002-12-16","http://www.imdb.com/title/tt0264464/"
"229","tt0335345","Sat Jun 27 00:00:00 2015","","","The Passion of the Christ","Feature Film","Mel Gibson","7","7.1","127","2004","drama","181463","2004-02-25","http://www.imdb.com/title/tt0335345/"
"230","tt0878804","Sat Jun 27 00:00:00 2015","","","The Blind Side","Feature Film","John Lee Hancock","9","7.7","129","2009","biography, drama, sport","228068","2009-11-17","http://www.imdb.com/title/tt0878804/"
"231","tt0454921","Sat Jun 27 00:00:00 2015","","","The Pursuit of Happyness","Feature Film","Gabriele Muccino","7","8.0","117","2006","biography, drama","346838","2006-12-15","http://www.imdb.com/title/tt0454921/"
"232","tt0338751","Sat Jun 27 00:00:00 2015","","","The Aviator","Feature Film","Martin Scorsese","7","7.5","170","2004","biography, drama, history","269542","2004-12-14","http://www.imdb.com/title/tt0338751/"
"233","tt0824747","Sat Jun 27 00:00:00 2015","","","Changeling","Feature Film","Clint Eastwood","7","7.8","141","2008","biography, crime, drama, mystery, thriller","201850","2008-05-20","http://www.imdb.com/title/tt0824747/"
"234","tt3395184","Sat Jun 20 00:00:00 2015","","","Spring","Feature Film","Justin Benson, Aaron Moorhead","7","6.7","109","2014","horror, romance, sci_fi","15419","2014-09-05","http://www.imdb.com/title/tt3395184/"
"235","tt2669336","Sat May 30 00:00:00 2015","","","Time Lapse","Feature Film","Bradley King","7","6.5","104","2014","sci_fi, thriller","28681","2014-04-19","http://www.imdb.com/title/tt2669336/"
"236","tt1234548","Thu May 21 00:00:00 2015","","","The Men Who Stare at Goats","Feature Film","Grant Heslov","7","6.2","94","2009","comedy, war","110863","2009-09-08","http://www.imdb.com/title/tt1234548/"
"237","tt1441952","Thu May 21 00:00:00 2015","","","Salmon Fishing in the Yemen","Feature Film","Lasse Hallström","8","6.8","107","2011","comedy, drama, romance","52442","2011-09-10","http://www.imdb.com/title/tt1441952/"
"238","tt1385826","Thu May 21 00:00:00 2015","","","The Adjustment Bureau","Feature Film","George Nolfi","9","7.1","106","2011","romance, sci_fi, thriller","203298","2011-02-26","http://www.imdb.com/title/tt1385826/"
"239","tt2557490","Thu May 21 00:00:00 2015","","","A Million Ways to Die in the West","Feature Film","Seth MacFarlane","7","6.1","116","2014","comedy, romance, western","139172","2014-05-15","http://www.imdb.com/title/tt2557490/"
"240","tt1649419","Thu May 21 00:00:00 2015","","","Lo imposible","Feature Film","J.A. Bayona","7","7.6","114","2012","drama, history, thriller","148224","2012-09-09","http://www.imdb.com/title/tt1649419/"
"241","tt0358082","Thu May 21 00:00:00 2015","","","Robots","Feature Film","Chris Wedge, Carlos Saldanha","7","6.3","91","2005","animation, adventure, comedy, family, sci_fi","105172","2005-03-10","http://www.imdb.com/title/tt0358082/"
"242","tt1351685","Thu May 21 00:00:00 2015","","","Jack the Giant Slayer","Feature Film","Bryan Singer","7","6.3","114","2013","adventure, fantasy","108373","2013-02-27","http://www.imdb.com/title/tt1351685/"
"243","tt1195478","Thu May 21 00:00:00 2015","","","The Five-Year Engagement","Feature Film","Nicholas Stoller","7","6.2","124","2012","comedy, romance","79988","2012-04-27","http://www.imdb.com/title/tt1195478/"
"244","tt3322312","Tue May 19 00:00:00 2015","","","Daredevil","TV Series","","8","8.8","54","2015","action, crime, drama, sci_fi, thriller","230185","2015-04-02","http://www.imdb.com/title/tt3322312/"
"245","tt1392190","Mon May 18 00:00:00 2015","","","Mad Max: Fury Road","Feature Film","George Miller","9","8.1","120","2015","action, adventure, sci_fi, thriller","582706","2015-05-07","http://www.imdb.com/title/tt1392190/"
"246","tt2532528","Sun May 17 00:00:00 2015","","","Dirty Wars","Documentary","Rick Rowley","8","7.5","87","2013","documentary, crime, drama, mystery, war","7920","2013-01-18","http://www.imdb.com/title/tt2532528/"
"247","tt0470752","Thu May 14 00:00:00 2015","","","Ex Machina","Feature Film","Alex Garland","8","7.7","108","2015","drama, mystery, sci_fi, thriller","307501","2015-01-21","http://www.imdb.com/title/tt0470752/"
"248","tt0800369","Thu May 14 00:00:00 2015","","","Thor","Feature Film","Kenneth Branagh","9","7.0","115","2011","action, adventure, fantasy, sci_fi","548418","2011-04-21","http://www.imdb.com/title/tt0800369/"
"249","tt0396269","Thu May 14 00:00:00 2015","","","Wedding Crashers","Feature Film","David Dobkin","7","7.0","119","2005","comedy, romance","283501","2005-07-13","http://www.imdb.com/title/tt0396269/"
"250","tt0212338","Thu May 14 00:00:00 2015","","","Meet the Parents","Feature Film","Jay Roach","7","7.0","108","2000","comedy, romance","264336","2000-10-06","http://www.imdb.com/title/tt0212338/"
"251","tt0315327","Thu May 14 00:00:00 2015","","","Bruce Almighty","Feature Film","Tom Shadyac","8","6.7","101","2003","comedy, drama, fantasy","303087","2003-05-14","http://www.imdb.com/title/tt0315327/"
"252","tt0810988","Tue May 12 00:00:00 2015","","","The Nines","Feature Film","John August","6","6.4","100","2007","drama, fantasy, mystery, sci_fi, thriller","29383","2007-01-21","http://www.imdb.com/title/tt0810988/"
"253","tt2305051","Tue May 12 00:00:00 2015","","","Wild","Feature Film","Jean-Marc Vallée","7","7.1","115","2014","adventure, biography, drama","89767","2014-08-29","http://www.imdb.com/title/tt2305051/"
"254","tt1121096","Tue May 12 00:00:00 2015","","","Seventh Son","Feature Film","Sergey Bodrov","7","5.5","102","2014","action, adventure, fantasy","56716","2014-12-17","http://www.imdb.com/title/tt1121096/"
"255","tt1486834","Tue May 12 00:00:00 2015","","","The F Word","Feature Film","Michael Dowse","7","6.8","98","2013","comedy, romance","51815","2013-09-07","http://www.imdb.com/title/tt1486834/"
"256","tt3045616","Tue May 12 00:00:00 2015","","","Mortdecai","Feature Film","David Koepp","5","5.5","107","2015","action, comedy, crime, mystery, romance","49108","2015-01-21","http://www.imdb.com/title/tt3045616/"
"257","tt3455224","Fri May  8 00:00:00 2015","","","Virunga","Documentary","Orlando von Einsiedel","7","8.3","100","2014","documentary, war","6891","2014-04-17","http://www.imdb.com/title/tt3455224/"
"258","tt2356777","Fri May  8 00:00:00 2015","","","True Detective","TV Series","","9","9.1","55","2014","crime, drama, mystery, thriller","338935","2014-01-12","http://www.imdb.com/title/tt2356777/"
"259","tt0816442","Thu May  7 00:00:00 2015","","","The Book Thief","Feature Film","Brian Percival","9","7.6","131","2013","drama, war","101481","2013-10-03","http://www.imdb.com/title/tt0816442/"
"260","tt3504048","Sun May  3 00:00:00 2015","","","Housebound","Feature Film","Gerard Johnstone","8","6.8","107","2014","comedy, horror, mystery","24560","2014-03-10","http://www.imdb.com/title/tt3504048/"
"261","tt2463512","Sat May  2 00:00:00 2015","","","Hateship Loveship","Feature Film","Liza Johnson","8","6.1","104","2013","drama, romance","4916","2013-09-07","http://www.imdb.com/title/tt2463512/"
"262","tt2322441","Sat May  2 00:00:00 2015","","","Fifty Shades of Grey","Feature Film","Sam Taylor-Johnson","5","4.1","125","2015","drama, romance, thriller","225550","2015-02-09","http://www.imdb.com/title/tt2322441/"
"263","tt0889573","Sat May  2 00:00:00 2015","","","The Switch","Feature Film","Josh Gordon, Will Speck","7","6.1","101","2010","comedy, drama, romance","79491","2010-08-19","http://www.imdb.com/title/tt0889573/"
"264","tt0450405","Fri May  1 00:00:00 2015","","","Cirque du Freak: The Vampire's Assistant","Feature Film","Paul Weitz","6","5.9","109","2009","action, adventure, fantasy, thriller","36511","2009-10-22","http://www.imdb.com/title/tt0450405/"
"265","tt3318750","Thu Apr 30 00:00:00 2015","","","Adult Beginners","Feature Film","Ross Katz","7","5.6","92","2014","comedy, drama","5852","2014-09-08","http://www.imdb.com/title/tt3318750/"
"266","tt0406816","Fri Apr 17 00:00:00 2015","","","The Guardian","Feature Film","Andrew Davis","8","6.9","139","2006","action, adventure, drama","76129","2006-09-28","http://www.imdb.com/title/tt0406816/"
"267","tt2870708","Sun Apr 12 00:00:00 2015","","","Wish I Was Here","Feature Film","Zach Braff","9","6.7","106","2014","comedy, drama","30374","2014-01-18","http://www.imdb.com/title/tt2870708/"
"268","tt2343793","Thu Apr  9 00:00:00 2015","","","Third Person","Feature Film","Paul Haggis","7","6.4","137","2013","drama, romance","21038","2013-09-09","http://www.imdb.com/title/tt2343793/"
"269","tt2505294","Sat Apr  4 00:00:00 2015","","","Ask Me Anything","Feature Film","Allison Burnett","7","6.0","100","2014","drama","8307","2014-04-19","http://www.imdb.com/title/tt2505294/"
"270","tt2395482","Thu Apr  2 00:00:00 2015","","","Surviving Jack","TV Series","","10","8.4","30","2014","comedy","4349","2014-03-27","http://www.imdb.com/title/tt2395482/"
"271","tt0944947","Thu Apr  2 00:00:00 2015","","","Game of Thrones","TV Series","","9","9.5","56","2011","adventure, drama, fantasy, romance","1081137","2011-04-17","http://www.imdb.com/title/tt0944947/"
"272","tt0903747","Thu Apr  2 00:00:00 2015","","","Breaking Bad","TV Series","","10","9.5","49","2008","crime, drama, thriller","918439","2008-01-20","http://www.imdb.com/title/tt0903747/"
"273","tt4299972","Thu Apr  2 00:00:00 2015","","","The Jinx: The Life and Deaths of Robert Durst","Mini-Series","","9","8.8","279","2015","documentary","20898","2015-02-08","http://www.imdb.com/title/tt4299972/"
"274","tt0770828","Tue Mar 24 00:00:00 2015","","","Man of Steel","Feature Film","Zack Snyder","8","7.1","143","2013","action, adventure, fantasy, sci_fi","560796","2013-06-10","http://www.imdb.com/title/tt0770828/"
"275","tt0401729","Sat Mar 21 00:00:00 2015","","","John Carter","Feature Film","Andrew Stanton","8","6.6","132","2012","action, adventure, sci_fi","215171","2012-02-22","http://www.imdb.com/title/tt0401729/"
"276","tt3203616","Sat Mar 14 00:00:00 2015","","","The Cobbler","Feature Film","Tom McCarthy","7","5.8","99","2014","comedy, drama, fantasy","37889","2014-09-11","http://www.imdb.com/title/tt3203616/"
"277","tt1528100","Fri Mar  6 00:00:00 2015","","","Exodus: Gods and Kings","Feature Film","Ridley Scott","6","6.1","150","2014","action, adventure, drama","131945","2014-12-03","http://www.imdb.com/title/tt1528100/"
"278","tt0408306","Sun Feb 22 00:00:00 2015","","","Munich","Feature Film","Steven Spielberg","8","7.6","164","2005","drama, history, thriller","179381","2005-12-23","http://www.imdb.com/title/tt0408306/"
"279","tt1100089","Sat Feb 21 00:00:00 2015","","","Foxcatcher","Feature Film","Bennett Miller","8","7.0","134","2014","biography, drama, history, sport","109527","2014-05-19","http://www.imdb.com/title/tt1100089/"
"280","tt2369135","Tue Feb 17 00:00:00 2015","","","Need for Speed","Feature Film","Scott Waugh","7","6.5","132","2014","action, crime, drama, thriller","139560","2014-03-12","http://www.imdb.com/title/tt2369135/"
"281","tt1959490","Tue Feb 17 00:00:00 2015","","","Noah","Feature Film","Darren Aronofsky","8","5.8","138","2014","action, adventure, drama","203689","2014-03-10","http://www.imdb.com/title/tt1959490/"
"282","tt3498622","Sun Feb 15 00:00:00 2015","","","Fortitude","TV Series","","8","7.4","60","2015","drama, horror, mystery, thriller","9581","2015-01-29","http://www.imdb.com/title/tt3498622/"
"283","tt1231587","Sat Feb 14 00:00:00 2015","","","Hot Tub Time Machine","Feature Film","Steve Pink","7","6.4","101","2010","comedy, sci_fi","140790","2010-03-17","http://www.imdb.com/title/tt1231587/"
"284","tt0425210","Thu Feb 12 00:00:00 2015","","","Lucky Number Slevin","Feature Film","Paul McGuigan","7","7.8","110","2006","crime, drama, mystery, thriller","265448","2006-02-24","http://www.imdb.com/title/tt0425210/"
"285","tt2980516","Wed Feb 11 00:00:00 2015","","","The Theory of Everything","Feature Film","James Marsh","7","7.7","123","2014","biography, drama, romance","277103","2014-09-07","http://www.imdb.com/title/tt2980516/"
"286","tt2562232","Fri Feb  6 00:00:00 2015","","","Birdman or (The Unexpected Virtue of Ignorance)","Feature Film","Alejandro G. Iñárritu","6","7.8","119","2014","comedy, drama, romance","410366","2014-08-27","http://www.imdb.com/title/tt2562232/"
"287","tt1748207","Wed Feb  4 00:00:00 2015","","","Sound of My Voice","Feature Film","Zal Batmanglij","7","6.7","85","2011","drama, mystery, sci_fi, thriller","16184","2011-01-24","http://www.imdb.com/title/tt1748207/"
"288","tt2784678","Wed Feb  4 00:00:00 2015","","","Top Five","Feature Film","Chris Rock","6","6.5","102","2014","comedy, romance","22197","2014-09-06","http://www.imdb.com/title/tt2784678/"
"289","tt0109067","Mon Feb  2 00:00:00 2015","","","The Air Up There","Feature Film","Paul M. Glaser","6","5.5","107","1994","comedy, family, sport","7447","1994-01-07","http://www.imdb.com/title/tt0109067/"
"290","tt0111161","Mon Feb  2 00:00:00 2015","","","The Shawshank Redemption","Feature Film","Frank Darabont","9","9.3","142","1994","crime, drama","1731348","1994-09-10","http://www.imdb.com/title/tt0111161/"
"291","tt0068646","Mon Feb  2 00:00:00 2015","","","The Godfather","Feature Film","Francis Ford Coppola","8","9.2","175","1972","crime, drama","1183062","1972-03-14","http://www.imdb.com/title/tt0068646/"
"292","tt0468569","Mon Feb  2 00:00:00 2015","","","The Dark Knight","Feature Film","Christopher Nolan","9","9.0","152","2008","action, crime, drama, thriller","1716289","2008-07-14","http://www.imdb.com/title/tt0468569/"
"293","tt2267998","Mon Feb  2 00:00:00 2015","","","Gone Girl","Feature Film","David Fincher","7","8.1","149","2014","crime, drama, mystery, thriller","592924","2014-09-26","http://www.imdb.com/title/tt2267998/"
"294","tt1375666","Mon Feb  2 00:00:00 2015","","","Inception","Feature Film","Christopher Nolan","8","8.8","148","2010","action, adventure, sci_fi, thriller","1507052","2010-07-08","http://www.imdb.com/title/tt1375666/"
"295","tt0112573","Mon Feb  2 00:00:00 2015","","","Braveheart","Feature Film","Mel Gibson","10","8.4","178","1995","biography, drama, history, war","753597","1995-05-18","http://www.imdb.com/title/tt0112573/"
"296","tt0434409","Mon Feb  2 00:00:00 2015","","","V for Vendetta","Feature Film","James McTeigue","8","8.2","132","2005","action, drama, thriller","812251","2005-12-11","http://www.imdb.com/title/tt0434409/"
"297","tt0361748","Mon Feb  2 00:00:00 2015","","","Inglourious Basterds","Feature Film","Quentin Tarantino","7","8.3","153","2009","adventure, drama, war","910194","2009-05-20","http://www.imdb.com/title/tt0361748/"
"298","tt0120737","Mon Feb  2 00:00:00 2015","","","The Lord of the Rings: The Fellowship of the Ring","Feature Film","Peter Jackson","9","8.8","178","2001","adventure, drama, fantasy","1266081","2001-12-10","http://www.imdb.com/title/tt0120737/"
"299","tt0137523","Mon Feb  2 00:00:00 2015","","","Fight Club","Feature Film","David Fincher","7","8.8","139","1999","drama","1382254","1999-09-10","http://www.imdb.com/title/tt0137523/"
"300","tt0109830","Mon Feb  2 00:00:00 2015","","","Forrest Gump","Feature Film","Robert Zemeckis","8","8.8","142","1994","comedy, drama","1287343","1994-06-23","http://www.imdb.com/title/tt0109830/"
"301","tt0102926","Mon Feb  2 00:00:00 2015","","","The Silence of the Lambs","Feature Film","Jonathan Demme","8","8.6","118","1991","crime, drama, thriller","912022","1991-01-30","http://www.imdb.com/title/tt0102926/"
"302","tt0081505","Mon Feb  2 00:00:00 2015","","","The Shining","Feature Film","Stanley Kubrick","6","8.4","146","1980","drama, horror","627006","1980-05-23","http://www.imdb.com/title/tt0081505/"
"303","tt1345836","Mon Feb  2 00:00:00 2015","","","The Dark Knight Rises","Feature Film","Christopher Nolan","7","8.5","164","2012","action, thriller","1171968","2012-07-16","http://www.imdb.com/title/tt1345836/"
"304","tt0076759","Mon Feb  2 00:00:00 2015","","","Star Wars","Feature Film","George Lucas","8","8.7","121","1977","action, adventure, fantasy, sci_fi","931786","1977-05-25","http://www.imdb.com/title/tt0076759/"
"305","tt0093779","Mon Feb  2 00:00:00 2015","","","The Princess Bride","Feature Film","Rob Reiner","8","8.1","98","1987","adventure, family, fantasy, romance","300753","1987-09-18","http://www.imdb.com/title/tt0093779/"
"306","tt0110413","Mon Feb  2 00:00:00 2015","","","Léon","Feature Film","Luc Besson","7","8.6","110","1994","crime, drama, thriller","745092","1994-09-14","http://www.imdb.com/title/tt0110413/"
"307","tt0482571","Mon Feb  2 00:00:00 2015","","","The Prestige","Feature Film","Christopher Nolan","7","8.5","130","2006","drama, mystery, sci_fi, thriller","867583","2006-10-17","http://www.imdb.com/title/tt0482571/"
"308","tt0266543","Mon Feb  2 00:00:00 2015","","","Finding Nemo","Feature Film","Andrew Stanton, Lee Unkrich","8","8.2","100","2003","animation, adventure, comedy, family","713102","2003-05-30","http://www.imdb.com/title/tt0266543/"
"309","tt0108052","Mon Feb  2 00:00:00 2015","","","Schindler's List","Feature Film","Steven Spielberg","8","8.9","195","1993","biography, drama, history","886858","1993-11-30","http://www.imdb.com/title/tt0108052/"
"310","tt1853728","Mon Feb  2 00:00:00 2015","","","Django Unchained","Feature Film","Quentin Tarantino","8","8.4","165","2012","drama, western","983899","2012-12-11","http://www.imdb.com/title/tt1853728/"
"311","tt2294629","Mon Feb  2 00:00:00 2015","","","Frozen","Feature Film","Chris Buck, Jennifer Lee","7","7.6","102","2013","animation, adventure, comedy, family, fantasy, musical","431039","2013-11-10","http://www.imdb.com/title/tt2294629/"
"312","tt0114814","Mon Feb  2 00:00:00 2015","","","The Usual Suspects","Feature Film","Bryan Singer","8","8.6","106","1995","crime, drama, mystery, thriller","758791","1995-01-25","http://www.imdb.com/title/tt0114814/"
"313","tt0119217","Mon Feb  2 00:00:00 2015","","","Good Will Hunting","Feature Film","Gus Van Sant","8","8.3","126","1997","drama","621981","1997-12-02","http://www.imdb.com/title/tt0119217/"
"314","tt0118715","Mon Feb  2 00:00:00 2015","","","The Big Lebowski","Feature Film","Joel Coen","7","8.2","117","1998","comedy, crime","551272","1998-02-15","http://www.imdb.com/title/tt0118715/"
"315","tt0372784","Mon Feb  2 00:00:00 2015","","","Batman Begins","Feature Film","Christopher Nolan","8","8.3","140","2005","action, adventure","1004970","2005-05-31","http://www.imdb.com/title/tt0372784/"
"316","tt0114369","Mon Feb  2 00:00:00 2015","","","Se7en","Feature Film","David Fincher","7","8.6","127","1995","crime, drama, mystery, thriller","1051146","1995-09-15","http://www.imdb.com/title/tt0114369/"
"317","tt0167260","Mon Feb  2 00:00:00 2015","","","The Lord of the Rings: The Return of the King","Feature Film","Peter Jackson","9","8.9","201","2003","adventure, drama, fantasy","1243603","2003-12-01","http://www.imdb.com/title/tt0167260/"
"318","tt0120586","Mon Feb  2 00:00:00 2015","","","American History X","Feature Film","Tony Kaye","8","8.6","119","1998","crime, drama","800827","1998-10-30","http://www.imdb.com/title/tt0120586/"
"319","tt2278388","Mon Feb  2 00:00:00 2015","","","The Grand Budapest Hotel","Feature Film","Wes Anderson","7","8.1","99","2014","adventure, comedy, drama","495326","2014-02-06","http://www.imdb.com/title/tt2278388/"
"320","tt0338013","Mon Feb  2 00:00:00 2015","","","Eternal Sunshine of the Spotless Mind","Feature Film","Michel Gondry","8","8.3","108","2004","drama, fantasy, romance, sci_fi","684338","2004-03-09","http://www.imdb.com/title/tt0338013/"
"321","tt0071562","Mon Feb  2 00:00:00 2015","","","The Godfather: Part II","Feature Film","Francis Ford Coppola","8","9.0","202","1974","crime, drama","811279","1974-12-12","http://www.imdb.com/title/tt0071562/"
"322","tt0086250","Mon Feb  2 00:00:00 2015","","","Scarface","Feature Film","Brian De Palma","8","8.3","170","1983","crime, drama","550534","1983-12-01","http://www.imdb.com/title/tt0086250/"
"323","tt0208092","Mon Feb  2 00:00:00 2015","","","Snatch","Feature Film","Guy Ritchie","8","8.3","104","2000","comedy, crime","614184","2000-08-23","http://www.imdb.com/title/tt0208092/"
"324","tt1675434","Mon Feb  2 00:00:00 2015","","","Intouchables","Feature Film","Olivier Nakache, Eric Toledano","8","8.6","112","2011","biography, comedy, drama","522349","2011-09-23","http://www.imdb.com/title/tt1675434/"
"325","tt0457430","Mon Feb  2 00:00:00 2015","","","El laberinto del fauno","Feature Film","Guillermo del Toro","7","8.2","118","2006","drama, fantasy, war","478664","2006-05-27","http://www.imdb.com/title/tt0457430/"
"326","tt0086190","Mon Feb  2 00:00:00 2015","","","Star Wars: Episode VI - Return of the Jedi","Feature Film","Richard Marquand","8","8.4","131","1983","action, adventure, fantasy, sci_fi","700319","1983-05-25","http://www.imdb.com/title/tt0086190/"
"327","tt1291584","Mon Feb  2 00:00:00 2015","","","Warrior","Feature Film","Gavin O'Connor","9","8.2","140","2011","drama, sport","340419","2011-09-09","http://www.imdb.com/title/tt1291584/"
"328","tt1086772","Mon Feb  2 00:00:00 2015","","","Blended","Feature Film","Frank Coraci","7","6.5","117","2014","comedy, romance","89798","2014-05-19","http://www.imdb.com/title/tt1086772/"
"329","tt0758758","Mon Feb  2 00:00:00 2015","","","Into the Wild","Feature Film","Sean Penn","8","8.2","148","2007","adventure, biography, drama","438006","2007-09-01","http://www.imdb.com/title/tt0758758/"
"330","tt0095016","Mon Feb  2 00:00:00 2015","","","Die Hard","Feature Film","John McTiernan","7","8.2","131","1988","action, thriller","605306","1988-07-12","http://www.imdb.com/title/tt0095016/"
"331","tt0266697","Mon Feb  2 00:00:00 2015","","","Kill Bill: Vol. 1","Feature Film","Quentin Tarantino","8","8.1","111","2003","action, thriller","753196","2003-09-29","http://www.imdb.com/title/tt0266697/"
"332","tt1564367","Mon Feb  2 00:00:00 2015","","","Just Go with It","Feature Film","Dennis Dugan","6","6.4","117","2011","comedy, romance","176095","2011-02-08","http://www.imdb.com/title/tt1564367/"
"333","tt1979320","Mon Feb  2 00:00:00 2015","","","Rush","Feature Film","Ron Howard","7","8.1","123","2013","action, biography, drama, sport","322417","2013-09-02","http://www.imdb.com/title/tt1979320/"
"334","tt0892769","Mon Feb  2 00:00:00 2015","","","How to Train Your Dragon","Feature Film","Dean DeBlois, Chris Sanders","7","8.2","98","2010","animation, action, adventure, comedy, family, fantasy","498850","2010-03-18","http://www.imdb.com/title/tt0892769/"
"335","tt0080684","Mon Feb  2 00:00:00 2015","","","Star Wars: Episode V - The Empire Strikes Back","Feature Film","Irvin Kershner","8","8.8","124","1980","action, adventure, fantasy, sci_fi","858940","1980-05-17","http://www.imdb.com/title/tt0080684/"
"336","tt0167261","Mon Feb  2 00:00:00 2015","","","The Lord of the Rings: The Two Towers","Feature Film","Peter Jackson","9","8.7","179","2002","adventure, drama, fantasy","1126422","2002-12-05","http://www.imdb.com/title/tt0167261/"
"337","tt1291150","Mon Feb  2 00:00:00 2015","","","Teenage Mutant Ninja Turtles","Feature Film","Jonathan Liebesman","6","5.9","101","2014","action, adventure, comedy, sci_fi","172833","2014-08-03","http://www.imdb.com/title/tt1291150/"
"338","tt2294449","Mon Feb  2 00:00:00 2015","","","22 Jump Street","Feature Film","Phil Lord, Christopher Miller","6","7.1","112","2014","action, comedy, crime","266228","2014-06-04","http://www.imdb.com/title/tt2294449/"
"339","tt1478338","Mon Feb  2 00:00:00 2015","","","Bridesmaids","Feature Film","Paul Feig","7","6.8","125","2011","comedy, romance","222114","2011-04-28","http://www.imdb.com/title/tt1478338/"
"340","tt1205489","Mon Feb  2 00:00:00 2015","","","Gran Torino","Feature Film","Clint Eastwood","8","8.2","116","2008","drama","573405","2008-12-09","http://www.imdb.com/title/tt1205489/"
"341","tt0363163","Mon Feb  2 00:00:00 2015","","","Der Untergang","Feature Film","Oliver Hirschbiegel","7","8.3","156","2004","biography, drama, history, war","254019","2004-09-08","http://www.imdb.com/title/tt0363163/"
"342","tt0114709","Mon Feb  2 00:00:00 2015","","","Toy Story","Feature Film","John Lasseter","7","8.3","81","1995","animation, adventure, comedy, family, fantasy","640990","1995-11-19","http://www.imdb.com/title/tt0114709/"
"343","tt0435761","Mon Feb  2 00:00:00 2015","","","Toy Story 3","Feature Film","Lee Unkrich","7","8.3","103","2010","animation, adventure, comedy, family, fantasy","559249","2010-06-12","http://www.imdb.com/title/tt0435761/"
"344","tt0910970","Mon Feb  2 00:00:00 2015","","","WALL·E","Feature Film","Andrew Stanton","8","8.4","98","2008","animation, adventure, family, sci_fi","738775","2008-06-21","http://www.imdb.com/title/tt0910970/"
"345","tt1049413","Mon Feb  2 00:00:00 2015","","","Up","Feature Film","Pete Docter, Bob Peterson","7","8.3","96","2009","animation, adventure, comedy, family","685306","2009-05-13","http://www.imdb.com/title/tt1049413/"
"346","tt2262227","Mon Feb  2 00:00:00 2015","","","The Book of Life","Feature Film","Jorge R. Gutierrez","7","7.3","95","2014","animation, adventure, comedy, family, fantasy, romance","47416","2014-10-03","http://www.imdb.com/title/tt2262227/"
"347","tt0080678","Mon Feb  2 00:00:00 2015","","","The Elephant Man","Feature Film","David Lynch","7","8.2","124","1980","biography, drama","165758","1980-10-02","http://www.imdb.com/title/tt0080678/"
"348","tt0070735","Mon Feb  2 00:00:00 2015","","","The Sting","Feature Film","George Roy Hill","7","8.3","129","1973","comedy, crime, drama","179940","1973-12-25","http://www.imdb.com/title/tt0070735/"
"349","tt0268995","Tue Jan 27 00:00:00 2015","","","The Majestic","Feature Film","Frank Darabont","7","6.9","152","2001","drama, romance","45569","2001-12-11","http://www.imdb.com/title/tt0268995/"
"350","tt0146675","Mon Jan 26 00:00:00 2015","","","End of Days","Feature Film","Peter Hyams","6","5.7","121","1999","action, fantasy, horror, mystery","90681","1999-11-16","http://www.imdb.com/title/tt0146675/"
"351","tt0409182","Mon Jan 26 00:00:00 2015","","","Poseidon","Feature Film","Wolfgang Petersen","6","5.6","98","2006","action, adventure, drama, thriller","83293","2006-05-10","http://www.imdb.com/title/tt0409182/"
"352","tt0360717","Mon Jan 26 00:00:00 2015","","","King Kong","Feature Film","Peter Jackson","6","7.2","187","2005","action, adventure, drama, romance","320606","2005-12-05","http://www.imdb.com/title/tt0360717/"
"353","tt0206634","Mon Jan 26 00:00:00 2015","","","Children of Men","Feature Film","Alfonso Cuarón","7","7.9","109","2006","drama, sci_fi, thriller","369065","2006-09-03","http://www.imdb.com/title/tt0206634/"
"354","tt0480249","Mon Jan 26 00:00:00 2015","","","I Am Legend","Feature Film","Francis Lawrence","7","7.2","101","2007","drama, horror, sci_fi","542554","2007-12-05","http://www.imdb.com/title/tt0480249/"
"355","tt0286106","Mon Jan 26 00:00:00 2015","","","Signs","Feature Film","M. Night Shyamalan","8","6.7","106","2002","drama, mystery, sci_fi, thriller","275485","2002-07-29","http://www.imdb.com/title/tt0286106/"
"356","tt1037705","Mon Jan 26 00:00:00 2015","","","The Book of Eli","Feature Film","The Hughes Brothers, The Hughes Brothers","7","6.9","118","2010","action, adventure, drama, thriller","232118","2010-01-11","http://www.imdb.com/title/tt1037705/"
"357","tt0949731","Mon Jan 26 00:00:00 2015","","","The Happening","Feature Film","M. Night Shyamalan","6","5.0","91","2008","sci_fi, thriller","165296","2008-06-10","http://www.imdb.com/title/tt0949731/"
"358","tt0463854","Mon Jan 26 00:00:00 2015","","","28 Weeks Later","Feature Film","Juan Carlos Fresnadillo","7","7.0","100","2007","drama, horror, sci_fi","215762","2007-04-26","http://www.imdb.com/title/tt0463854/"
"359","tt0195714","Mon Jan 26 00:00:00 2015","","","Final Destination","Feature Film","James Wong","6","6.7","98","2000","horror, thriller","184499","2000-03-16","http://www.imdb.com/title/tt0195714/"
"360","tt2911666","Thu Jan 22 00:00:00 2015","","","John Wick","Feature Film","Chad Stahelski","6","7.2","101","2014","action, crime, thriller","265271","2014-09-19","http://www.imdb.com/title/tt2911666/"
"361","tt2310332","Mon Jan 12 00:00:00 2015","","","The Hobbit: The Battle of the Five Armies","Feature Film","Peter Jackson","8","7.4","144","2014","adventure, fantasy","365381","2014-12-01","http://www.imdb.com/title/tt2310332/"
"362","tt1032751","Sun Jan 11 00:00:00 2015","","","The Warrior's Way","Feature Film","Sngmoo Lee","7","6.3","100","2010","action, fantasy, western","22586","2010-12-01","http://www.imdb.com/title/tt1032751/"
"363","tt1879032","Sun Jan 11 00:00:00 2015","","","Rapture-Palooza","Feature Film","Paul Middleditch","6","5.2","85","2013","comedy, fantasy","9303","2013-06-07","http://www.imdb.com/title/tt1879032/"
"364","tt0116365","Sun Jan 11 00:00:00 2015","","","The Frighteners","Feature Film","Peter Jackson","7","7.1","110","1996","comedy, fantasy, horror","69455","1996-07-19","http://www.imdb.com/title/tt0116365/"
"365","tt0120338","Sun Jan 11 00:00:00 2015","","","Titanic","Feature Film","James Cameron","7","7.7","194","1997","drama, romance","809970","1997-11-01","http://www.imdb.com/title/tt0120338/"
"366","tt0133093","Sun Jan 11 00:00:00 2015","","","The Matrix","Feature Film","The Wachowski Brothers, The Wachowski Brothers","10","8.7","136","1999","action, sci_fi","1246877","1999-03-24","http://www.imdb.com/title/tt0133093/"
"367","tt1840309","Sun Jan 11 00:00:00 2015","","","Divergent","Feature Film","Neil Burger","8","6.7","139","2014","adventure, mystery, sci_fi","348597","2014-03-18","http://www.imdb.com/title/tt1840309/"
"368","tt1392170","Sun Jan 11 00:00:00 2015","","","The Hunger Games","Feature Film","Gary Ross","8","7.3","142","2012","action, adventure, sci_fi, thriller","713010","2012-03-12","http://www.imdb.com/title/tt1392170/"
"369","tt0169547","Sun Jan 11 00:00:00 2015","","","American Beauty","Feature Film","Sam Mendes","7","8.4","122","1999","drama, romance","841062","1999-09-08","http://www.imdb.com/title/tt0169547/"
"370","tt0499549","Sun Jan 11 00:00:00 2015","","","Avatar","Feature Film","James Cameron","10","7.9","162","2009","action, adventure, fantasy, sci_fi","902665","2009-12-10","http://www.imdb.com/title/tt0499549/"
"371","tt0332452","Sun Jan 11 00:00:00 2015","","","Troy","Feature Film","Wolfgang Petersen","8","7.2","163","2004","adventure","389917","2004-05-09","http://www.imdb.com/title/tt0332452/"
"372","tt0416449","Sun Jan 11 00:00:00 2015","","","300","Feature Film","Zack Snyder","7","7.7","117","2006","action, drama, fantasy, war","618210","2006-12-09","http://www.imdb.com/title/tt0416449/"
"373","tt1951264","Sun Jan 11 00:00:00 2015","","","The Hunger Games: Catching Fire","Feature Film","Francis Lawrence","8","7.6","146","2013","action, adventure, mystery, sci_fi, thriller","507854","2013-11-11","http://www.imdb.com/title/tt1951264/"
"374","tt0349683","Sun Jan 11 00:00:00 2015","","","King Arthur","Feature Film","Antoine Fuqua","7","6.3","126","2004","action, adventure, drama, history, war","138660","2004-06-28","http://www.imdb.com/title/tt0349683/"
"375","tt0217505","Sun Jan 11 00:00:00 2015","","","Gangs of New York","Feature Film","Martin Scorsese","8","7.5","167","2002","crime, drama, history","320333","2002-12-09","http://www.imdb.com/title/tt0217505/"
"376","tt0320661","Sun Jan 11 00:00:00 2015","","","Kingdom of Heaven","Feature Film","Ridley Scott","8","7.2","144","2005","action, adventure, drama, history, war","221239","2005-05-02","http://www.imdb.com/title/tt0320661/"
"377","tt0106697","Sun Jan 11 00:00:00 2015","","","Demolition Man","Feature Film","Marco Brambilla","6","6.6","115","1993","action, crime, sci_fi, thriller","126661","1993-10-07","http://www.imdb.com/title/tt0106697/"
"378","tt0454841","Sun Jan 11 00:00:00 2015","","","The Hills Have Eyes","Feature Film","Alexandre Aja","6","6.4","107","2006","horror","133071","2006-03-10","http://www.imdb.com/title/tt0454841/"
"379","tt0119094","Sun Jan 11 00:00:00 2015","","","Face/Off","Feature Film","John Woo","7","7.3","138","1997","action, crime, sci_fi, thriller","288400","1997-06-19","http://www.imdb.com/title/tt0119094/"
"380","tt0120744","Sun Jan 11 00:00:00 2015","","","The Man in the Iron Mask","Feature Film","Randall Wallace","8","6.5","132","1998","action, adventure, drama, history","127793","1998-03-13","http://www.imdb.com/title/tt0120744/"
"381","tt0133751","Sun Jan 11 00:00:00 2015","","","The Faculty","Feature Film","Robert Rodriguez","6","6.4","104","1998","horror, sci_fi","93445","1998-11-12","http://www.imdb.com/title/tt0133751/"
"382","tt0402399","Sun Jan 11 00:00:00 2015","","","The New World","Feature Film","Terrence Malick","7","6.7","135","2005","biography, drama, history, romance","71853","2005-12-25","http://www.imdb.com/title/tt0402399/"
"383","tt1683526","Sat Jan 10 00:00:00 2015","","","Detachment","Feature Film","Tony Kaye","7","7.7","98","2011","drama","58493","2011-04-25","http://www.imdb.com/title/tt1683526/"
"384","tt2370248","Fri Jan  9 00:00:00 2015","","","Short Term 12","Feature Film","Destin Daniel Cretton","8","8.0","96","2013","drama","57990","2013-03-10","http://www.imdb.com/title/tt2370248/"
"385","tt0435651","Thu Jan  8 00:00:00 2015","","","The Giver","Feature Film","Phillip Noyce","7","6.5","97","2014","drama, romance, sci_fi","89383","2014-08-11","http://www.imdb.com/title/tt0435651/"
"386","tt0816692","Thu Jan  1 00:00:00 2015","","","Interstellar","Feature Film","Christopher Nolan","8","8.6","169","2014","adventure, drama, sci_fi","968822","2014-10-26","http://www.imdb.com/title/tt0816692/"
"387","tt1956671","Thu Jan  1 00:00:00 2015","","","The Sacred Science","Documentary","Nicholas J. Polizzi","7","7.0","77","2011","documentary, adventure, drama, history","189","2011","http://www.imdb.com/title/tt1956671/"
"388","tt0455944","Thu Jan  1 00:00:00 2015","","","The Equalizer","Feature Film","Antoine Fuqua","7","7.2","132","2014","action, crime, thriller","236883","2014-09-07","http://www.imdb.com/title/tt0455944/"
"389","tt0829150","Thu Jan  1 00:00:00 2015","","","Dracula Untold","Feature Film","Gary Shore","6","6.3","92","2014","action, drama, fantasy, horror, war","142447","2014-09-30","http://www.imdb.com/title/tt0829150/"
"390","tt2170593","Thu Jan  1 00:00:00 2015","","","St. Vincent","Feature Film","Theodore Melfi","7","7.3","102","2014","comedy, drama","76408","2014-09-05","http://www.imdb.com/title/tt2170593/"
"391","tt0134847","Thu Jan  1 00:00:00 2015","","","Pitch Black","Feature Film","David Twohy","7","7.1","109","2000","horror, sci_fi","196381","2000-02-18","http://www.imdb.com/title/tt0134847/"
"392","tt1232200","Sun Dec 28 00:00:00 2014","","","That's My Boy","Feature Film","Sean Anders","6","5.6","116","2012","comedy","71932","2012-06-04","http://www.imdb.com/title/tt1232200/"
"393","tt2398249","Sat Dec 27 00:00:00 2014","","","They Came Together","Feature Film","David Wain","8","5.5","83","2014","comedy","17336","2014-01-24","http://www.imdb.com/title/tt2398249/"
"394","tt3107288","Wed Dec 24 00:00:00 2014","","","The Flash","TV Series","","6","8.2","43","2014","action, adventure, drama, sci_fi","196031","2014-10-07","http://www.imdb.com/title/tt3107288/"
"395","tt1877832","Wed Dec 24 00:00:00 2014","","","X-Men: Days of Future Past","Feature Film","Bryan Singer","7","8.0","132","2014","action, adventure, sci_fi, thriller","526130","2014-05-10","http://www.imdb.com/title/tt1877832/"
"396","tt2741602","Sun Dec  7 00:00:00 2014","","","The Blacklist","TV Series","","7","8.2","43","2013","crime, drama, mystery, thriller","114250","2013-09-23","http://www.imdb.com/title/tt2741602/"
"397","tt3099498","Wed Dec  3 00:00:00 2014","","","Tusk","Feature Film","Kevin Smith","6","5.4","102","2014","comedy, drama, horror","32589","2014-09-06","http://www.imdb.com/title/tt3099498/"
"398","tt1790864","Sat Nov 29 00:00:00 2014","","","The Maze Runner","Feature Film","Wes Ball","7","6.8","113","2014","action, mystery, sci_fi, thriller","320249","2014-09-11","http://www.imdb.com/title/tt1790864/"
"399","tt0094012","Thu Nov 27 00:00:00 2014","","","Spaceballs","Feature Film","Mel Brooks","8","7.1","96","1987","adventure, comedy, sci_fi","139165","1987-06-24","http://www.imdb.com/title/tt0094012/"
"400","tt0217869","Sun Nov 23 00:00:00 2014","","","Unbreakable","Feature Film","M. Night Shyamalan","7","7.2","106","2000","drama, mystery, sci_fi, thriller","248640","2000-11-14","http://www.imdb.com/title/tt0217869/"
"401","tt1266020","Tue Nov 11 00:00:00 2014","","","Parks and Recreation","TV Series","","8","8.6","22","2009","comedy","127746","2009-04-09","http://www.imdb.com/title/tt1266020/"
"402","tt1870479","Tue Nov 11 00:00:00 2014","","","The Newsroom","TV Series","","8","8.6","55","2012","drama","82173","2012-06-24","http://www.imdb.com/title/tt1870479/"
"403","tt2467372","Wed Nov  5 00:00:00 2014","","","Brooklyn Nine-Nine","TV Series","","8","8.3","22","2013","comedy, crime","70219","2013-09-17","http://www.imdb.com/title/tt2467372/"
"404","tt1411250","Sun Nov  2 00:00:00 2014","","","Riddick","Feature Film","David Twohy","7","6.4","119","2013","action, sci_fi, thriller","127493","2013-09-04","http://www.imdb.com/title/tt1411250/"
"405","tt1528071","Sat Nov  1 00:00:00 2014","","","Horns","Feature Film","Alexandre Aja","7","6.5","120","2013","drama, fantasy, horror, thriller","57188","2013-09-06","http://www.imdb.com/title/tt1528071/"
"406","tt1267297","Thu Oct 23 00:00:00 2014","","","Hercules","Feature Film","Brett Ratner","7","6.0","98","2014","action, adventure","118302","2014-07-23","http://www.imdb.com/title/tt1267297/"
"407","tt0111742","Fri Oct 17 00:00:00 2014","","","Wolf","Feature Film","Mike Nichols","8","6.2","125","1994","drama, horror, romance, thriller","44283","1994-06-17","http://www.imdb.com/title/tt0111742/"
"408","tt0108778","Thu Oct 16 00:00:00 2014","","","Friends","TV Series","","9","9.0","22","1994","comedy, romance","497630","1994-09-22","http://www.imdb.com/title/tt0108778/"
"409","tt2015381","Thu Oct 16 00:00:00 2014","","","Guardians of the Galaxy","Feature Film","James Gunn","8","8.1","121","2014","action, adventure, sci_fi","708728","2014-07-21","http://www.imdb.com/title/tt2015381/"
"410","tt0098904","Thu Oct 16 00:00:00 2014","","","Seinfeld","TV Series","","9","8.9","22","1989","comedy","177905","1989-07-05","http://www.imdb.com/title/tt0098904/"
"411","tt1714206","Thu Oct 16 00:00:00 2014","","","The Spectacular Now","Feature Film","James Ponsoldt","7","7.1","95","2013","comedy, drama, romance","109299","2013-01-18","http://www.imdb.com/title/tt1714206/"
"412","tt1727388","Thu Oct 16 00:00:00 2014","","","The Way Way Back","Feature Film","Nat Faxon, Jim Rash","8","7.4","103","2013","comedy, drama","118127","2013-01-21","http://www.imdb.com/title/tt1727388/"
